Date,close
2017-06-30,238.41775512695312
2017-07-03,119.39105987548828
2017-07-04,120.8256607055664
2017-07-05,120.21083068847656
2017-07-06,133.85096740722656
2017-07-07,150.81576538085938
2017-07-10,161.2906494140625
2017-07-11,173.83775329589844
2017-07-12,183.97108459472656
2017-07-13,202.34768676757807
2017-07-14,182.12657165527344
2017-07-17,173.76943969726562
2017-07-18,174.13380432128906
2017-07-19,172.60809326171875
2017-07-20,170.14877319335938
2017-07-21,168.6686248779297
2017-07-24,165.70834350585938
2017-07-25,165.6400146484375
2017-07-26,161.99658203125
2017-07-27,156.736328125
2017-07-28,170.12599182128906
2017-07-31,154.6641387939453
2017-08-01,153.6166229248047
2017-08-02,153.68496704101562
2017-08-03,148.97125244140625
2017-08-04,141.95765686035156
2017-08-07,151.8177032470703
2017-08-08,148.35643005371094
2017-08-09,145.4872283935547
2017-08-10,137.19834899902344
2017-08-11,138.7012939453125
2017-08-14,143.91598510742188
2017-08-16,148.58413696289062
2017-08-17,149.198974609375
2017-08-18,146.35255432128906
2017-08-21,150.67910766601562
2017-08-22,149.65440368652344
2017-08-23,151.54441833496094
2017-08-24,150.7474365234375
2017-08-28,155.3700408935547
2017-08-29,152.31866455078125
2017-08-30,154.89186096191406
2017-08-31,154.0948486328125
2017-09-01,153.93545532226562
2017-09-04,150.7702178955078
2017-09-05,155.77992248535156
2017-09-06,154.14039611816406
2017-09-07,157.10067749023438
2017-09-08,163.29452514648438
2017-09-11,162.3609161376953
2017-09-12,161.5183563232422
2017-09-13,158.51251220703125
2017-09-14,158.62637329101562
2017-09-15,158.39866638183594
2017-09-18,164.6608123779297
2017-09-19,168.78248596191406
2017-09-20,176.0465850830078
2017-09-21,174.54367065429688
2017-09-22,165.95880126953125
2017-09-25,159.4689178466797
2017-09-26,160.835205078125
2017-09-27,155.3017578125
2017-09-28,155.14231872558594
2017-09-29,155.643310546875
2017-10-03,158.2165069580078
2017-10-04,160.92630004882812
2017-10-05,162.24705505371094
2017-10-06,171.17347717285156
2017-10-09,170.53585815429688
2017-10-10,175.38621520996094
2017-10-11,169.89828491210938
2017-10-12,172.47146606445312
2017-10-13,171.15069580078125
2017-10-16,174.7941436767578
2017-10-17,177.6405792236328
2017-10-18,177.11685180664062
2017-10-19,173.81497192382812
2017-10-23,172.06155395507812
2017-10-24,170.92298889160156
2017-10-25,168.09933471679688
2017-10-26,168.8280487060547
2017-10-27,171.37841796875
2017-10-30,170.285400390625
2017-10-31,169.39730834960938
2017-11-01,168.39537048339844
2017-11-02,169.14682006835938
2017-11-03,167.18846130371094
2017-11-06,164.1143035888672
2017-11-07,162.93019104003906
2017-11-08,163.47671508789062
2017-11-09,162.97572326660156
2017-11-10,162.99853515625
2017-11-13,162.33816528320312
2017-11-14,161.586669921875
2017-11-15,161.19955444335938
2017-11-16,160.835205078125
2017-11-17,161.97378540039062
2017-11-20,164.54696655273438
2017-11-21,165.07070922851562
2017-11-22,162.9529571533203
2017-11-23,161.83717346191406
2017-11-24,161.49559020996094
2017-11-27,161.70053100585938
2017-11-28,160.49362182617188
2017-11-29,164.4558868408203
2017-11-30,165.6400146484375
2017-12-01,162.33816528320312
2017-12-04,160.53916931152344
2017-12-05,158.89962768554688
2017-12-06,157.37393188476562
2017-12-07,158.74021911621094
2017-12-08,158.17095947265625
2017-12-11,158.19371032714844
2017-12-12,156.28089904785156
2017-12-13,154.52749633789062
2017-12-14,153.7532958984375
2017-12-15,153.09288024902344
2017-12-18,159.05905151367188
2017-12-19,164.5014190673828
2017-12-20,162.93019104003906
2017-12-21,163.29452514648438
2017-12-22,166.55088806152344
2017-12-26,167.4161834716797
2017-12-27,162.20150756835938
2017-12-28,160.26593017578125
2017-12-29,162.86187744140625
2018-01-01,162.1787109375
2018-01-02,160.31146240234375
2018-01-03,159.6738739013672
2018-01-04,159.01351928710938
2018-01-05,161.81439208984375
2018-01-08,161.13124084472656
2018-01-09,160.40257263183594
2018-01-10,164.592529296875
2018-01-11,170.6952667236328
2018-01-12,168.60031127929688
2018-01-15,169.62501525878906
2018-01-16,163.24900817871094
2018-01-17,162.0648651123047
2018-01-18,159.49169921875
2018-01-19,160.2203826904297
2018-01-22,162.1559600830078
2018-01-23,163.72720336914062
2018-01-24,159.03628540039062
2018-01-25,158.62637329101562
2018-01-29,154.7096710205078
2018-01-30,152.2275848388672
2018-01-31,151.93154907226562
2018-02-01,151.61276245117188
2018-02-02,144.94068908691406
2018-02-05,148.28811645507812
2018-02-06,141.98040771484375
2018-02-07,145.05453491210938
2018-02-08,148.4930419921875
2018-02-09,146.92181396484375
2018-02-12,147.76437377929688
2018-02-14,149.38113403320312
2018-02-15,146.9673614501953
2018-02-16,145.5327606201172
2018-02-19,145.28228759765625
2018-02-20,144.53079223632812
2018-02-21,141.47943115234375
2018-02-22,142.504150390625
2018-02-23,145.10009765625
2018-02-26,147.67327880859375
2018-02-27,146.46640014648438
2018-02-28,145.4644317626953
2018-03-01,142.59524536132812
2018-03-05,141.54774475097656
2018-03-06,140.7052001953125
2018-03-07,137.15283203125
2018-03-08,136.3786163330078
2018-03-09,134.4885711669922
2018-03-12,136.21922302246094
2018-03-13,136.17367553710938
2018-03-14,136.74293518066406
2018-03-15,136.4696807861328
2018-03-16,135.6271209716797
2018-03-19,131.4827423095703
2018-03-20,129.06895446777344
2018-03-21,127.81653594970705
2018-03-22,129.72933959960938
2018-03-23,129.31942749023438
2018-03-26,127.20167541503906
2018-03-27,131.20947265625
2018-03-28,128.72735595703125
2018-04-02,136.12811279296875
2018-04-03,138.65574645996094
2018-04-04,135.37664794921875
2018-04-05,140.43194580078125
2018-04-06,138.7240753173828
2018-04-09,138.31419372558594
2018-04-10,137.35777282714844
2018-04-11,135.76376342773438
2018-04-12,134.35195922851562
2018-04-13,132.71237182617188
2018-04-16,131.8470916748047
2018-04-17,129.82041931152344
2018-04-18,130.2758331298828
2018-04-19,130.89065551757812
2018-04-20,133.62322998046875
2018-04-23,134.64796447753906
2018-04-24,132.3252716064453
2018-04-25,130.64019775390625
2018-04-26,130.9817352294922
2018-04-27,133.8282012939453
2018-04-30,130.4580078125
2018-05-02,129.77487182617188
2018-05-03,128.84124755859375
2018-05-04,127.7026596069336
2018-05-07,128.06700134277344
2018-05-08,127.7026596069336
2018-05-09,130.16197204589844
2018-05-10,129.75210571289062
2018-05-11,128.22640991210938
2018-05-14,127.58877563476562
2018-05-15,127.65713500976562
2018-05-16,127.15613555908205
2018-05-17,131.02732849121094
2018-05-18,130.16197204589844
2018-05-21,124.19586181640624
2018-05-22,122.39690399169922
2018-05-23,121.19001007080078
2018-05-24,120.57518768310548
2018-05-25,121.50880432128906
2018-05-28,124.15032196044922
2018-05-29,123.42162322998048
2018-05-30,134.05589294433594
2018-05-31,132.62132263183594
2018-06-01,128.79568481445312
2018-06-04,125.63043212890624
2018-06-05,123.8998031616211
2018-06-06,126.76903533935548
2018-06-07,129.2966766357422
2018-06-08,128.52239990234375
2018-06-11,128.2947235107422
2018-06-12,130.84512329101562
2018-06-13,129.4788360595703
2018-06-14,130.2303009033203
2018-06-15,134.05589294433594
2018-06-18,134.37472534179688
2018-06-19,133.57769775390625
2018-06-20,132.55299377441406
2018-06-21,130.57188415527344
2018-06-22,129.56993103027344
2018-06-25,130.9817352294922
2018-06-26,130.2303009033203
2018-06-27,126.67791748046876
2018-06-28,124.3097152709961
2018-06-29,127.63433837890624
2018-07-02,122.670166015625
2018-07-03,122.73844146728516
2018-07-04,124.51466369628906
2018-07-05,121.64543914794922
2018-07-06,121.66820526123048
2018-07-09,123.78594207763672
2018-07-10,123.33052825927734
2018-07-11,123.30776977539062
2018-07-12,123.28500366210938
2018-07-13,121.7593002319336
2018-07-16,119.39105987548828
2018-07-17,120.916748046875
2018-07-18,117.66043090820312
2018-07-19,115.83869934082033
2018-07-20,116.45352935791016
2018-07-23,119.20887756347656
2018-07-24,120.59793853759766
2018-07-25,119.86925506591795
2018-07-26,120.62073516845705
2018-07-27,124.21862030029295
2018-07-30,121.48603057861328
2018-07-31,119.84649658203124
2018-08-01,120.93952178955078
2018-08-02,121.57714080810548
2018-08-03,121.82760620117188
2018-08-06,123.92257690429688
2018-08-07,122.9206314086914
2018-08-08,122.53350830078124
2018-08-09,123.91783142089844
2018-08-10,124.21775817871094
2018-08-13,122.62580871582033
2018-08-14,122.53350830078124
2018-08-16,122.94881439208984
2018-08-17,123.36408996582033
2018-08-20,123.61788177490234
2018-08-21,123.7101821899414
2018-08-23,123.22566986083984
2018-08-24,123.11031341552734
2018-08-27,123.68709564208984
2018-08-28,123.87168884277344
2018-08-29,122.53350830078124
2018-08-30,120.24943542480467
2018-08-31,120.43399810791016
2018-09-03,121.63373565673828
2018-09-04,119.8802719116211
2018-09-05,118.58827209472656
2018-09-06,119.81106567382812
2018-09-07,119.51113891601562
2018-09-10,119.5572738647461
2018-09-11,119.48807525634766
2018-09-12,119.48807525634766
2018-09-14,120.29558563232422
2018-09-17,120.04178619384766
2018-09-18,120.04178619384766
2018-09-19,120.29558563232422
2018-09-21,119.2342758178711
2018-09-24,117.64232635498048
2018-09-25,115.28903198242188
2018-09-26,113.35100555419922
2018-09-27,109.82103729248048
2018-09-28,103.6839828491211
2018-10-01,101.44603729248048
2018-10-03,104.81449127197266
2018-10-04,108.02145385742188
2018-10-05,105.92193603515624
2018-10-08,105.89886474609376
2018-10-09,106.15264892578124
2018-10-10,106.54486083984376
2018-10-11,107.72151947021484
2018-10-12,109.0596923828125
2018-10-15,111.1130599975586
2018-10-16,111.96670532226562
2018-10-17,110.44398498535156
2018-10-19,110.88233947753906
2018-10-22,111.04383087158205
2018-10-23,108.94432067871094
2018-10-24,110.62855529785156
2018-10-25,110.49012756347656
2018-10-26,110.23632049560548
2018-10-29,110.62855529785156
2018-10-30,112.1282196044922
2018-10-31,111.3437728881836
2018-11-01,111.2284164428711
2018-11-02,112.91265106201172
2018-11-05,115.77352905273438
2018-11-06,114.48151397705078
2018-11-07,115.03523254394533
2018-11-09,114.89678955078124
2018-11-12,113.55865478515624
2018-11-13,111.92056274414062
2018-11-14,111.13612365722656
2018-11-15,110.7669906616211
2018-11-16,110.25940704345705
2018-11-19,110.28247833251952
2018-11-20,109.913330078125
2018-11-21,107.92916107177734
2018-11-22,107.44467163085938
2018-11-26,107.30623626708984
2018-11-27,106.82173919677734
2018-11-28,106.82173919677734
2018-11-29,109.47496032714844
2018-11-30,109.42882537841795
2018-12-03,109.56725311279295
2018-12-04,107.97530364990234
2018-12-05,106.49872589111328
2018-12-06,105.02214050292967
2018-12-07,102.59962463378906
2018-12-10,101.42296600341795
2018-12-11,101.16918182373048
2018-12-12,103.86856079101562
2018-12-13,104.5376434326172
2018-12-14,102.20740509033205
2018-12-17,101.8843994140625
2018-12-18,100.70774841308594
2018-12-19,108.48289489746094
2018-12-20,106.79866027832033
2018-12-21,103.86856079101562
2018-12-24,104.30692291259766
2018-12-26,103.6609115600586
2018-12-27,101.83824920654295
2018-12-28,101.6536865234375
2018-12-31,103.0610580444336
2019-01-01,104.81449127197266
2019-01-02,106.52179718017578
2019-01-03,106.29109191894533
2019-01-04,105.82965087890624
2019-01-07,105.99115753173828
2019-01-08,107.69845581054688
2019-01-09,106.61407470703124
2019-01-10,106.2218780517578
2019-01-11,106.17572021484376
2019-01-14,108.04452514648438
2019-01-15,106.8678741455078
2019-01-16,107.3754425048828
2019-01-17,107.74459075927734
2019-01-18,107.53694915771484
2019-01-21,106.7755889892578
2019-01-22,106.89093017578124
2019-01-23,105.73735809326172
2019-01-24,106.29109191894533
2019-01-25,107.53694915771484
2019-01-28,104.30692291259766
2019-01-29,100.82311248779295
2019-01-30,100.56930541992188
2019-01-31,100.59237670898438
2019-02-01,100.0617446899414
2019-02-04,98.83893585205078
2019-02-05,95.79348754882812
2019-02-06,96.1856918334961
2019-02-07,100.86924743652344
2019-02-08,98.05449676513672
2019-02-11,97.0393524169922
2019-02-12,97.38543701171876
2019-02-14,96.99321746826172
2019-02-15,97.0393524169922
2019-02-18,96.76248931884766
2019-02-19,96.50869750976562
2019-02-20,97.2700653076172
2019-02-21,96.76248931884766
2019-02-22,96.9470672607422
2019-02-25,100.73082733154295
2019-02-26,100.50010681152344
2019-02-27,99.96945190429688
2019-02-28,100.9384536743164
2019-03-01,101.7459716796875
2019-03-05,105.73735809326172
2019-03-06,110.28247833251952
2019-03-07,107.72151947021484
2019-03-08,107.39851379394533
2019-03-11,108.96739196777344
2019-03-12,109.40575408935548
2019-03-13,109.47496032714844
2019-03-14,108.78282165527344
2019-03-15,105.16056823730467
2019-03-18,104.00698852539062
2019-03-19,105.41436004638672
2019-03-20,104.56071472167967
2019-03-22,104.60684967041016
2019-03-25,103.8224105834961
2019-03-26,106.33722686767578
2019-03-27,108.8981704711914
2019-03-28,111.64370727539062
2019-04-01,111.06690979003906
2019-04-02,109.913330078125
2019-04-03,110.05176544189452
2019-04-04,107.12165069580078
2019-04-05,107.21395111083984
2019-04-08,107.51387786865234
2019-04-09,108.92124938964844
2019-04-10,108.36753845214844
2019-04-11,107.14472198486328
2019-04-12,107.81381225585938
2019-04-15,108.45980834960938
2019-04-16,107.6523208618164
2019-04-18,108.15988159179688
2019-04-22,107.9522476196289
2019-04-23,108.66746520996094
2019-04-24,107.28316497802734
2019-04-25,107.19087982177734
2019-04-26,107.44467163085938
2019-04-30,107.76766967773438
2019-05-02,106.42950439453124
2019-05-03,106.93709564208984
2019-05-06,106.4064483642578
2019-05-07,106.45258331298828
2019-05-08,104.12235260009766
2019-05-09,104.07621002197266
2019-05-10,104.21463012695312
2019-05-13,105.20672607421876
2019-05-14,103.7301254272461
2019-05-15,104.14541625976562
2019-05-16,103.19947814941406
2019-05-17,103.33790588378906
2019-05-20,103.6839828491211
2019-05-21,103.1072006225586
2019-05-22,102.66883087158205
2019-05-23,100.3616714477539
2019-05-24,106.52179718017578
2019-05-27,106.06037139892578
2019-05-28,105.62200927734376
2019-05-29,104.65299224853516
2019-05-30,105.11442565917967
2019-05-31,105.13748931884766
2019-06-03,104.2376937866211
2019-06-04,106.12957763671876
2019-06-06,105.76042938232422
2019-06-07,105.69122314453124
2019-06-10,105.34515380859376
2019-06-11,105.04520416259766
2019-06-12,104.60684967041016
2019-06-13,103.7993392944336
2019-06-14,103.7301254272461
2019-06-17,102.9457015991211
2019-06-18,101.42296600341795
2019-06-19,101.1922607421875
2019-06-20,101.76903533935548
2019-06-21,101.6767578125
2019-06-24,101.7459716796875
2019-06-25,101.30760192871094
2019-06-26,101.30760192871094
2019-06-27,101.39988708496094
2019-06-28,101.6536865234375
2019-07-01,101.05381774902344
2019-07-02,100.26937866210938
2019-07-03,100.6846694946289
2019-07-04,100.6846694946289
2019-07-05,98.74665069580078
2019-07-08,98.30829620361328
2019-07-09,96.73941802978516
2019-07-10,95.4704818725586
2019-07-11,95.51663208007812
2019-07-12,96.0934066772461
2019-07-15,97.01628875732422
2019-07-16,97.36235809326172
2019-07-17,95.4935531616211
2019-07-18,94.15540313720705
2019-07-19,91.9405288696289
2019-07-22,89.88715362548828
2019-07-23,89.86407470703125
2019-07-24,90.78692626953124
2019-07-25,90.44086456298828
2019-07-26,89.72563934326172
2019-07-29,89.56414794921875
2019-07-30,88.73355865478516
2019-07-31,88.15677642822266
2019-08-01,88.98735809326172
2019-08-02,88.11063385009766
2019-08-05,85.78038787841797
2019-08-06,87.9260482788086
2019-08-07,87.6953353881836
2019-08-08,87.9721908569336
2019-08-09,87.7645492553711
2019-08-13,86.86475372314453
2019-08-14,87.60305786132812
2019-08-16,87.9721908569336
2019-08-19,87.4646224975586
2019-08-20,86.4263916015625
2019-08-21,87.11854553222656
2019-08-22,87.04932403564453
2019-08-23,87.02625274658203
2019-08-26,88.54898071289062
2019-08-27,89.31034088134766
2019-08-28,88.82584381103516
2019-08-29,89.24113464355469
2019-08-30,90.14092254638672
2019-09-03,88.82584381103516
2019-09-04,88.57205200195312
2019-09-05,88.38748168945312
2019-09-06,90.76741790771484
2019-09-09,93.7364501953125
2019-09-11,97.78939819335938
2019-09-12,96.94110870361328
2019-09-13,97.76583862304688
2019-09-16,98.0486068725586
2019-09-17,96.63478088378906
2019-09-18,93.99563598632812
2019-09-19,92.60537719726562
2019-09-20,95.92787170410156
2019-09-23,101.77166748046876
2019-09-24,99.08541870117188
2019-09-25,96.96466827392578
2019-09-26,99.0382843017578
2019-09-27,97.71871185302734
2019-09-30,96.4462661743164
2019-10-01,95.43303680419922
2019-10-03,96.6583480834961
2019-10-04,94.86750030517578
2019-10-07,97.954345703125
2019-10-09,96.87041473388672
2019-10-10,96.51695251464844
2019-10-11,95.7629165649414
2019-10-14,97.34168243408205
2019-10-15,96.9882354736328
2019-10-16,97.38880920410156
2019-10-17,98.6376953125
2019-10-18,98.4963150024414
2019-10-22,96.84685516357422
2019-10-23,98.66126251220705
2019-10-24,97.27099609375
2019-10-25,98.11929321289062
2019-10-27,100.05152130126952
2019-10-29,97.954345703125
2019-10-30,105.96601104736328
2019-10-31,109.57125854492188
2019-11-01,110.41954803466795
2019-11-04,111.173583984375
2019-11-05,108.69939422607422
2019-11-06,104.95277404785156
2019-11-07,110.39598083496094
2019-11-08,107.33270263671876
2019-11-11,108.58158111572266
2019-11-13,107.99248504638672
2019-11-14,105.11770629882812
2019-11-15,104.4343719482422
2019-11-18,106.6964874267578
2019-11-19,105.84819793701172
2019-11-20,108.60514831542967
2019-11-21,109.80689239501952
2019-11-22,109.1942367553711
2019-11-25,108.55802917480467
2019-11-26,105.65968322753906
2019-11-27,105.23554229736328
2019-11-28,106.36659240722656
2019-11-29,107.19132232666016
2019-12-02,106.2723388671875
2019-12-03,106.36659240722656
2019-12-04,104.76426696777344
2019-12-05,105.09414672851562
2019-12-06,103.5389404296875
2019-12-09,103.20905303955078
2019-12-10,103.09123229980467
2019-12-11,102.3372039794922
2019-12-12,102.52570343017578
2019-12-13,102.7377700805664
2019-12-16,102.8084716796875
2019-12-17,104.69357299804688
2019-12-18,106.5315399169922
2019-12-19,105.91888427734376
2019-12-20,107.4976577758789
2019-12-23,106.29590606689452
2019-12-24,105.84819793701172
2019-12-26,106.06026458740234
2019-12-27,105.5182876586914
2019-12-30,105.35335540771484
2019-12-31,104.95277404785156
2020-01-01,104.52862548828124
2020-01-02,118.99674987792967
2020-01-03,116.9702606201172
2020-01-06,113.20005798339844
2020-01-07,113.43569946289062
2020-01-08,113.71846771240234
2020-01-09,118.26627349853516
2020-01-10,124.7934112548828
2020-01-13,124.9583511352539
2020-01-14,127.6446304321289
2020-01-15,131.03778076171875
2020-01-16,129.3412322998047
2020-01-17,128.68141174316406
2020-01-20,128.84637451171875
2020-01-21,132.6636962890625
2020-01-22,132.56944274902344
2020-01-23,131.226318359375
2020-01-24,126.37218475341795
2020-01-27,126.46643829345705
2020-01-28,128.0452117919922
2020-01-29,127.50323486328124
2020-01-30,126.2072296142578
2020-01-31,125.0526123046875
2020-02-03,119.9157257080078
2020-02-04,123.70948791503906
2020-02-05,130.6607666015625
2020-02-06,133.84188842773438
2020-02-07,136.4103240966797
2020-02-10,133.95970153808594
2020-02-11,137.77700805664062
2020-02-12,137.9184112548828
2020-02-13,134.2660369873047
2020-02-14,130.7786102294922
2020-02-17,129.78892517089844
2020-02-18,129.4354705810547
2020-02-19,133.48841857910156
2020-02-20,135.7034149169922
2020-02-24,136.33963012695312
2020-02-25,134.43096923828125
2020-02-26,133.81832885742188
2020-02-27,134.64305114746094
2020-02-28,124.88766479492188
2020-03-02,119.20881652832033
2020-03-03,119.2323760986328
2020-03-04,119.44444274902344
2020-03-05,120.78758239746094
2020-03-06,117.8185577392578
2020-03-09,112.65809631347656
2020-03-11,112.61097717285156
2020-03-12,104.99989318847656
2020-03-13,105.89531707763672
2020-03-16,101.8188018798828
2020-03-17,100.14576721191406
2020-03-18,97.74227142333984
2020-03-19,97.64801788330078
2020-03-20,99.3917236328125
2020-03-23,87.51563262939453
2020-03-24,89.82486724853516
2020-03-25,90.57889556884766
2020-03-26,97.01180267333984
2020-03-27,97.64801788330078
2020-03-30,97.8600845336914
2020-03-31,101.04119110107422
2020-04-01,102.1251220703125
2020-04-03,98.9204559326172
2020-04-07,100.89981842041016
2020-04-08,102.31364440917967
2020-04-09,104.08091735839844
2020-04-13,104.01021575927734
2020-04-15,102.6435317993164
2020-04-16,106.74362182617188
2020-04-17,108.7936553955078
2020-04-20,107.59191131591795
2020-04-21,101.74810028076172
2020-04-22,103.2326202392578
2020-04-23,103.20905303955078
2020-04-24,102.5963897705078
2020-04-27,104.7171401977539
2020-04-28,104.4343719482422
2020-04-29,109.0528564453125
2020-04-30,106.17809295654295
2020-05-04,102.0073013305664
2020-05-05,100.8526840209961
2020-05-06,102.57283020019533
2020-05-07,101.79522705078124
2020-05-08,102.57283020019533
2020-05-11,102.21937561035156
2020-05-12,102.31364440917967
2020-05-13,107.26201629638672
2020-05-14,104.78782653808594
2020-05-15,105.14128875732422
2020-05-18,102.9262924194336
2020-05-19,105.98957824707033
2020-05-20,114.30756378173828
2020-05-21,112.89374542236328
2020-05-22,110.91439056396484
2020-05-26,113.22362518310548
2020-05-27,116.2397918701172
2020-05-28,115.10873413085938
2020-05-29,116.4518585205078
2020-06-01,118.05419158935548
2020-06-02,120.69332122802734
2020-06-03,124.55778503417967
2020-06-04,124.5813446044922
2020-06-05,123.47383880615234
2020-06-08,124.74629974365234
2020-06-09,123.54454803466795
2020-06-10,122.38992309570312
2020-06-11,120.66976165771484
2020-06-12,121.89508056640624
2020-06-15,122.62556457519533
2020-06-16,129.6004180908203
2020-06-17,126.39576721191406
2020-06-18,125.83021545410156
2020-06-19,125.66527557373048
2020-06-22,125.92446899414062
2020-06-23,134.54879760742188
2020-06-24,129.3412322998047
2020-06-25,132.14529418945312
2020-06-26,129.4354705810547
2020-06-29,129.5532989501953
2020-06-30,127.57394409179688
2020-07-01,130.18951416015625
2020-07-02,129.52972412109375
2020-07-03,133.67691040039062
2020-07-06,134.54879760742188
2020-07-07,140.86386108398438
2020-07-08,140.345458984375
2020-07-09,140.39259338378906
2020-07-10,137.18792724609375
2020-07-13,135.3970947265625
2020-07-14,140.15696716308594
2020-07-15,138.5074920654297
2020-07-16,136.31607055664062
2020-07-17,140.79318237304688
2020-07-20,148.3335723876953
2020-07-21,149.7945098876953
2020-07-22,147.0611114501953
2020-07-23,153.82391357421875
2020-07-24,152.26870727539062
2020-07-27,165.20516967773438
2020-07-28,169.51734924316406
2020-07-29,165.5350799560547
2020-07-30,163.9327392578125
2020-07-31,164.5218505859375
2020-08-03,159.5263214111328
2020-08-04,165.13449096679688
2020-08-05,166.94888305664062
2020-08-06,165.55862426757812
2020-08-07,168.5041046142578
2020-08-10,170.93116760253906
2020-08-11,167.7736358642578
2020-08-12,169.37596130371094
2020-08-13,170.57772827148438
2020-08-14,171.85012817382812
2020-08-17,173.54672241210938
2020-08-18,171.73231506347656
2020-08-19,177.9295654296875
2020-08-20,175.21975708007812
2020-08-21,178.1887969970703
2020-08-24,179.22557067871094
2020-08-25,179.8382568359375
2020-08-26,188.41542053222656
2020-08-27,197.5817108154297
2020-08-28,200.5742950439453
2020-08-31,191.64366149902344
2020-09-01,192.7040252685547
2020-09-02,227.76683044433597
2020-09-03,217.6815643310547
2020-09-04,219.0953826904297
2020-09-07,220.6182098388672
2020-09-08,210.3153839111328
2020-09-09,214.0986328125
2020-09-10,214.97901916503903
2020-09-11,212.1713104248047
2020-09-14,224.75836181640625
2020-09-15,231.23033142089844
2020-09-16,231.99176025390625
2020-09-17,226.8522491455078
2020-09-18,223.25933837890625
2020-09-21,209.8870849609375
2020-09-22,208.45944213867188
2020-09-23,228.23228454589844
2020-09-24,218.6670837402344
2020-09-25,225.61495971679688
2020-09-28,234.8470458984375
2020-09-29,231.25413513183597
2020-09-30,229.6361389160156
2020-10-01,230.77825927734372
2020-10-05,229.6361389160156
2020-10-06,227.99435424804688
2020-10-07,225.85289001464844
2020-10-08,221.2130584716797
2020-10-09,221.1416778564453
2020-10-12,229.5885467529297
2020-10-13,227.54226684570312
2020-10-14,223.0452117919922
2020-10-15,216.8349456787109
2020-10-16,215.78802490234372
2020-10-19,212.02854919433597
2020-10-20,215.1455841064453
2020-10-21,221.9268798828125
2020-10-22,219.30953979492188
2020-10-23,219.0715789794922
2020-10-26,219.59506225585935
2020-10-27,224.2586975097656
2020-10-28,220.3326873779297
2020-10-29,220.99888610839844
2020-10-30,229.92166137695312
2020-11-02,222.11724853515625
2020-11-03,220.38026428222656
2020-11-04,219.4522857666016
2020-11-05,222.4265594482422
2020-11-06,220.97509765625
2020-11-09,226.23361206054688
2020-11-10,222.71206665039065
2020-11-11,225.56735229492188
2020-11-12,228.1133270263672
2020-11-13,235.9891357421875
2020-11-14,237.3216094970703
2020-11-17,240.8907165527344
2020-11-18,238.03543090820312
2020-11-19,228.6605682373047
2020-11-20,232.4914093017578
2020-11-23,233.37179565429688
2020-11-24,232.0393524169922
2020-11-25,225.75770568847656
2020-11-26,224.3300628662109
2020-11-27,233.03868103027344
2020-12-01,235.2277374267578
2020-12-02,237.65472412109372
2020-12-03,250.33692932128903
2020-12-04,260.3304443359375
2020-12-07,251.09837341308597
2020-12-08,249.09967041015625
2020-12-09,250.1465759277344
2020-12-10,250.17037963867188
2020-12-11,248.885498046875
2020-12-14,246.3871307373047
2020-12-15,244.74533081054688
2020-12-16,246.0064239501953
2020-12-17,249.98004150390625
2020-12-18,246.8867950439453
2020-12-21,236.84573364257807
2020-12-22,238.0592193603516
2020-12-23,244.91192626953125
2020-12-24,246.4346923828125
2020-12-28,249.8372802734375
2020-12-29,247.81475830078125
2020-12-30,249.7420959472656
2020-12-31,253.69190979003903
2021-01-01,252.97808837890625
2021-01-04,250.43214416503903
2021-01-05,251.09837341308597
2021-01-06,248.5286102294922
2021-01-07,257.07061767578125
2021-01-08,256.28546142578125
2021-01-11,252.3356475830078
2021-01-12,253.38259887695312
2021-01-13,252.0024871826172
2021-01-14,251.09837341308597
2021-01-15,245.60191345214844
2021-01-18,240.62896728515625
2021-01-19,248.81411743164065
2021-01-20,247.1485290527344
2021-01-21,245.4829559326172
2021-01-22,240.510009765625
2021-01-25,232.1820831298828
2021-01-27,233.03868103027344
2021-01-28,230.63546752929688
2021-01-29,229.70753479003903
2021-02-01,232.5390167236328
2021-02-02,240.27207946777344
2021-02-03,247.10096740722656
2021-02-04,250.71763610839844
2021-02-05,242.6514587402344
2021-02-08,247.21990966796875
2021-02-09,243.86497497558597
2021-02-10,248.1717071533203
2021-02-11,246.72027587890625
2021-02-12,256.0475158691406
2021-02-15,270.2763671875
2021-02-16,264.2326965332031
2021-02-17,267.1355285644531
2021-02-18,263.8043212890625
2021-02-19,271.7753295898437
2021-02-22,281.2215881347656
2021-02-23,288.02667236328125
2021-02-24,294.6651916503906
2021-02-25,294.7842102050781
2021-02-26,296.9970092773437
2021-03-01,298.66259765625
2021-03-02,292.1192626953125
2021-03-03,294.33209228515625
2021-03-04,294.5462341308594
2021-03-05,285.4806823730469
2021-03-08,285.17138671875
2021-03-09,280.41259765625
2021-03-10,280.6981201171875
2021-03-12,279.22283935546875
2021-03-15,289.1212158203125
2021-03-16,301.4227294921875
2021-03-17,292.9519958496094
2021-03-18,287.0511169433594
2021-03-19,290.0491943359375
2021-03-22,290.0491943359375
2021-03-23,303.468994140625
2021-03-24,301.8034362792969
2021-03-25,298.61505126953125
2021-03-26,306.8477478027344
2021-03-30,310.9403076171875
2021-03-31,312.201416015625
2021-04-01,312.0110778808594
2021-04-05,310.5120544433594
2021-04-06,342.65771484375
2021-04-07,354.0550842285156
2021-04-08,360.1463928222656
2021-04-09,357.3148803710937
2021-04-12,336.0430603027344
2021-04-13,337.9703369140625
2021-04-15,342.181884765625
2021-04-16,345.10858154296875
2021-04-19,339.1124572753906
2021-04-20,342.0153503417969
2021-04-22,343.15740966796875
2021-04-23,342.9433288574219
2021-04-26,348.0351867675781
2021-04-27,371.543701171875
2021-04-28,387.2001647949219
2021-04-29,382.3462219238281
2021-04-30,383.94036865234375
2021-05-03,378.7295227050781
2021-05-04,369.7591552734375
2021-05-05,376.8973693847656
2021-05-06,375.7314758300781
2021-05-07,380.0857543945313
2021-05-10,382.8696594238281
2021-05-11,379.7526245117188
2021-05-12,382.1320495605469
2021-05-14,394.909423828125
2021-05-17,410.3280029296875
2021-05-18,414.01605224609375
2021-05-19,418.51312255859375
2021-05-20,413.7781066894531
2021-05-21,414.5394592285156
2021-05-24,421.6777038574219
2021-05-25,422.0346374511719
2021-05-26,422.39154052734375
2021-05-27,424.7709655761719
2021-05-28,462.3893127441406
2021-05-31,470.95513916015625
2021-06-01,459.3912353515625
2021-06-02,462.2464904785156
2021-06-03,460.1764221191406
2021-06-04,463.29345703125
2021-06-07,469.21820068359375
2021-06-08,467.0291442871094
2021-06-09,461.98480224609375
2021-06-10,463.8169250488281
2021-06-11,464.3166198730469
2021-06-14,469.19439697265625
2021-06-15,479.4733581542969
2021-06-16,480.4727783203125
2021-06-17,471.3596496582031
2021-06-18,468.6947326660156
2021-06-21,472.90625
2021-06-22,460.3905944824219
2021-06-23,463.0079345703125
2021-06-24,458.98675537109375
2021-06-25,462.5082702636719
2021-06-28,472.21624755859375
2021-06-29,468.7660827636719
2021-06-30,465.6728515625
2021-07-01,467.26708984375
2021-07-02,492.4173583984375
2021-07-05,494.70159912109375
2021-07-06,487.0161437988281
2021-07-07,486.6116027832031
2021-07-08,487.8726806640625
2021-07-09,500.8880310058594
2021-07-12,515.5451049804688
2021-07-13,596.9682006835938
2021-07-14,620.7147216796875
2021-07-15,665.9947509765625
2021-07-16,689.6936645507812
2021-07-19,731.6424560546875
2021-07-20,714.6297607421875
2021-07-22,678.9148559570312
2021-07-23,644.9846801757812
2021-07-26,666.1375732421875
2021-07-27,644.6039428710938
2021-07-28,632.6117553710938
2021-07-29,624.4741821289062
2021-07-30,633.6110229492188
2021-08-02,665.281005859375
2021-08-03,655.4302368164062
2021-08-04,634.5151977539062
2021-08-05,641.15380859375
2021-08-06,636.1094360351562
2021-08-09,626.1397705078125
2021-08-10,609.3174438476562
2021-08-11,599.8949584960938
2021-08-12,590.6867065429688
2021-08-13,593.2802734375
2021-08-16,585.7613525390625
2021-08-17,573.1742553710938
2021-08-18,576.1009521484375
2021-08-20,575.5537109375
2021-08-23,547.0960693359375
2021-08-24,568.0585327148438
2021-08-25,549.8085327148438
2021-08-26,553.2587280273438
2021-08-27,555.8997802734375
2021-08-30,581.9066772460938
2021-08-31,565.4174194335938
2021-09-01,563.2046508789062
2021-09-02,561.8245239257812
2021-09-03,571.4849243164062
2021-09-06,575.8153686523438
2021-09-07,570.4141845703125
2021-09-08,598.9193725585938
2021-09-09,628.8522338867188
2021-09-13,660.2841186523438
2021-09-14,646.58056640625
2021-09-15,653.8636474609375
2021-09-16,662.7037963867188
2021-09-17,646.2931518554688
2021-09-20,619.4371948242188
2021-09-21,615.0050048828125
2021-09-22,608.9918212890625
2021-09-23,610.2374877929688
2021-09-24,607.4824829101562
2021-09-27,637.836181640625
2021-09-28,625.9055786132812
2021-09-29,620.5631103515625
2021-09-30,618.0955200195312
2021-10-01,617.9996948242188
2021-10-04,621.1620483398438
2021-10-05,622.67138671875
2021-10-06,616.9216918945312
2021-10-07,618.8142700195312
2021-10-08,648.209716796875
2021-10-11,663.9255981445312
2021-10-12,674.5865478515625
2021-10-13,679.0426025390625
2021-10-14,670.1305541992188
2021-10-18,665.2432861328125
2021-10-19,649.2398681640625
2021-10-20,658.7029418945312
2021-10-21,650.1981811523438
2021-10-22,644.0651245117188
2021-10-25,636.6863403320312
2021-10-26,668.50146484375
2021-10-27,661.3861694335938
2021-10-28,640.5673828125
2021-10-29,648.3534545898438
2021-11-01,665.1234741210938
2021-11-02,660.3800048828125
2021-11-03,676.4552612304688
2021-11-04,703.3352661132812
2021-11-08,694.8543090820312
2021-11-09,696.627197265625
2021-11-10,694.51904296875
2021-11-11,698.8072509765625
2021-11-12,711.528564453125
2021-11-15,751.4651489257812
2021-11-16,743.870849609375
2021-11-17,738.8876953125
2021-11-18,719.86572265625
2021-11-22,686.3495483398438
2021-11-23,693.9679565429688
2021-11-24,704.2456665039062
2021-11-25,705.8507690429688
2021-11-26,677.82080078125
2021-11-29,656.5468139648438
2021-11-30,695.2616577148438
2021-12-01,693.3450927734375
2021-12-02,739.27099609375
2021-12-03,729.568359375
2021-12-06,716.0565185546875
2021-12-07,719.8896484375
2021-12-08,731.3651733398438
2021-12-09,730.2630615234375
2021-12-10,732.8264770507812
2021-12-13,760.0419311523438
2021-12-14,798.5410766601562
2021-12-15,785.244873046875
2021-12-16,768.4269409179688
2021-12-17,746.3623046875
2021-12-20,707.7433471679688
2021-12-21,703.3352661132812
2021-12-22,712.6306762695312
2021-12-23,715.3138427734375
2021-12-24,701.27490234375
2021-12-27,701.5623779296875
2021-12-28,713.6607055664062
2021-12-29,703.4788818359375
2021-12-30,712.3430786132812
2021-12-31,718.6199340820312
2022-01-03,734.4556884765625
2022-01-04,735.4378662109375
2022-01-05,731.9161376953125
2022-01-06,742.0020751953125
2022-01-07,742.6968994140625
2022-01-10,742.050048828125
2022-01-11,735.4378662109375
2022-01-12,736.7075805664062
2022-01-13,770.7507934570312
2022-01-14,774.0568237304688
2022-01-17,783.9271850585938
2022-01-18,762.9407348632812
2022-01-19,772.9788208007812
2022-01-20,778.4888916015625
2022-01-21,758.5325927734375
2022-01-24,719.7698974609375
2022-01-25,723.5550537109375
2022-01-27,712.6306762695312
2022-01-28,718.1407470703125
2022-01-31,721.231201171875
2022-02-01,724.5374145507812
2022-02-02,733.5452270507812
2022-02-03,750.267333984375
2022-02-04,754.1484375
2022-02-07,725.87890625
2022-02-08,720.7999877929688
2022-02-09,723.9144287109375
2022-02-10,729.6401977539062
2022-02-11,728.0830078125
2022-02-14,699.5020141601562
2022-02-15,713.9961547851562
2022-02-16,710.8338623046875
2022-02-17,708.4860229492188
2022-02-18,703.4310913085938
2022-02-21,674.8500366210938
2022-02-22,658.8946533203125
2022-02-23,662.8955078125
2022-02-24,619.2694091796875
2022-02-25,654.7021484375
2022-02-28,648.4732055664062
2022-03-02,669.747314453125
2022-03-03,665.1954345703125
2022-03-04,649.4075927734375
2022-03-07,635.1290893554688
2022-03-08,637.405029296875
2022-03-09,652.0428466796875
2022-03-10,702.7123413085938
2022-03-11,727.7715454101562
2022-03-14,753.7172241210938
2022-03-15,738.672119140625
2022-03-16,741.331298828125
2022-03-17,734.8628540039062
2022-03-21,715.0263671875
2022-03-22,710.426513671875
2022-03-23,705.2757568359375
2022-03-24,717.086669921875
2022-03-25,705.8507690429688
2022-03-28,704.820556640625
2022-03-29,696.05224609375
2022-03-30,696.0761108398438
2022-03-31,709.3005981445312
2022-04-01,717.0386962890625
2022-04-04,724.5613403320312
2022-04-05,728.9454956054688
2022-04-06,720.1290893554688
2022-04-07,700.6041259765625
2022-04-08,699.573974609375
2022-04-11,694.2794189453125
2022-04-12,683.76220703125
2022-04-13,687.8828125
2022-04-18,684.8641967773438
2022-04-19,672.8136596679688
2022-04-20,679.6415405273438
2022-04-21,693.4169311523438
2022-04-22,684.7205810546875
2022-04-25,668.7171020507812
2022-04-26,674.2511596679688
2022-04-27,667.4473266601562
2022-04-28,670.4419555664062
2022-04-29,660.9789428710938
2022-05-02,620.4193725585938
2022-05-04,608.8001708984375
2022-05-05,589.5145874023438
2022-05-06,583.812744140625
2022-05-09,566.9229125976562
2022-05-10,550.41650390625
2022-05-11,524.6624755859375
2022-05-12,514.7681274414062
2022-05-13,521.7156982421875
2022-05-16,530.1007080078125
2022-05-17,552.9559326171875
2022-05-18,550.9434814453125
2022-05-19,542.8939819335938
2022-05-20,545.026123046875
2022-05-23,543.7803344726562
2022-05-24,527.0103149414062
2022-05-25,504.6103515625
2022-05-26,503.9635009765625
2022-05-27,518.5294189453125
2022-05-30,538.1024780273438
2022-05-31,602.4993896484375
2022-06-01,571.1634521484375
2022-06-02,572.984130859375
2022-06-03,573.3434448242188
2022-06-06,561.2211303710938
2022-06-07,552.1653442382812
2022-06-08,544.0198974609375
2022-06-09,539.1565551757812
2022-06-10,532.1131591796875
2022-06-13,522.5062866210938
2022-06-14,535.6828002929688
2022-06-15,544.2833862304688
2022-06-16,530.6517333984375
2022-06-17,529.6456298828125
2022-06-20,518.2659301757812
2022-06-21,526.96240234375
2022-06-22,517.0680541992188
2022-06-23,517.020263671875
2022-06-24,534.4609375
2022-06-27,533.933837890625
2022-06-28,531.8975830078125
2022-06-29,529.1185302734375
2022-06-30,533.9578857421875
2022-07-01,528.7352294921875
2022-07-04,531.2747192382812
2022-07-05,523.9197387695312
2022-07-06,523.7521362304688
2022-07-07,535.8504638671875
2022-07-08,533.6463623046875
2022-07-11,532.6641845703125
2022-07-12,539.5399169921875
2022-07-13,533.0234985351562
2022-07-14,525.8363647460938
2022-07-15,524.8301391601562
2022-07-18,531.8496704101562
2022-07-19,530.8194580078125
2022-07-20,538.3899536132812
2022-07-21,541.12109375
2022-07-22,547.4937133789062
2022-07-25,543.2532348632812
2022-07-26,542.055419921875
2022-07-27,537.4795532226562
2022-07-28,533.4547119140625
2022-07-29,539.9711303710938
2022-08-01,556.573486328125
2022-08-02,565.1261596679688
2022-08-03,556.3338623046875
2022-08-04,544.88232421875
2022-08-05,552.524658203125
2022-08-08,560.09521484375
2022-08-10,556.261962890625
2022-08-11,557.17236328125
2022-08-12,576.9610595703125
2022-08-16,586.400146484375
2022-08-17,587.0949096679688
2022-08-18,592.8446655273438
2022-08-19,582.2077026367188
2022-08-22,564.982421875
2022-08-23,575.7391967773438
2022-08-24,571.498779296875
2022-08-25,571.5706787109375
2022-08-26,570.6124267578125
2022-08-29,568.9353637695312
2022-08-30,598.4027709960938
2022-09-01,605.1107177734375
2022-09-02,598.2110595703125
2022-09-05,620.5391845703125
2022-09-06,634.6259765625
2022-09-07,679.2363891601562
2022-09-08,688.492919921875
2022-09-09,672.5484008789062
2022-09-12,676.9586181640625
2022-09-13,677.5643310546875
2022-09-14,668.865234375
2022-09-15,658.494140625
2022-09-16,646.5721435546875
2022-09-19,635.3529052734375
2022-09-20,652.823974609375
2022-09-21,642.0892944335938
2022-09-22,639.0845947265625
2022-09-23,632.6389770507812
2022-09-26,607.4622802734375
2022-09-27,607.77734375
2022-09-28,596.7034912109375
2022-09-29,594.4257202148438
2022-09-30,603.8033447265625
2022-10-03,595.879638671875
2022-10-04,608.8192749023438
2022-10-06,616.2099609375
2022-10-07,614.9256591796875
2022-10-10,606.5415649414062
2022-10-11,598.2543334960938
2022-10-12,596.9700927734375
2022-10-13,591.275634765625
2022-10-14,586.2354736328125
2022-10-17,584.0546264648438
2022-10-18,588.2467041015625
2022-10-19,594.6195678710938
2022-10-20,588.1981201171875
2022-10-21,582.8430786132812
2022-10-24,593.4564819335938
2022-10-25,596.5823364257812
2022-10-27,592.8507080078125
2022-10-28,592.2206420898438
2022-10-31,592.9718627929688
2022-11-01,599.7081909179688
2022-11-02,595.78271484375
2022-11-03,590.7424926757812
2022-11-04,589.5309448242188
2022-11-07,597.7939453125
2022-11-09,591.0090942382812
2022-11-10,584.7330932617188
2022-11-11,587.7862548828125
2022-11-14,608.8192749023438
2022-11-15,605.8388061523438
2022-11-16,592.632568359375
2022-11-17,591.7117919921875
2022-11-18,590.5486450195312
2022-11-21,591.5180053710938
2022-11-22,589.0948486328125
2022-11-23,588.6101684570312
2022-11-24,588.9493408203125
2022-11-25,590.2578125
2022-11-28,593.9896240234375
2022-11-29,598.2543334960938
2022-11-30,599.9747314453125
2022-12-01,602.615966796875
2022-12-02,599.4174194335938
2022-12-05,597.98779296875
2022-12-06,594.6680908203125
2022-12-07,591.9541015625
2022-12-08,595.9038696289062
2022-12-09,586.5020141601562
2022-12-12,575.8400268554688
2022-12-13,581.4133911132812
2022-12-14,581.873779296875
2022-12-15,577.7301635742188
2022-12-16,582.6492309570312
2022-12-19,580.2259521484375
2022-12-20,575.6704711914062
2022-12-21,562.8276977539062
2022-12-22,545.6232299804688
2022-12-23,527.1103515625
2022-12-26,539.9287719726562
2022-12-27,538.7415161132812
2022-12-28,542.0369262695312
2022-12-29,542.109619140625
2022-12-30,540.5104370117188
2023-01-02,560.11376953125
2023-01-03,558.8778686523438
2023-01-04,549.86376953125
2023-01-05,546.5440673828125
2023-01-06,541.4796752929688
2023-01-09,536.148681640625
2023-01-10,534.234375
2023-01-11,531.2538452148438
2023-01-12,522.7485961914062
2023-01-13,522.2639770507812
2023-01-16,518.7745361328125
2023-01-17,514.0736694335938
2023-01-18,512.159423828125
2023-01-19,510.7781677246094
2023-01-20,509.9785461425781
2023-01-23,512.7166748046875
2023-01-24,507.2646179199219
2023-01-25,498.2019958496094
2023-01-27,491.8533325195313
2023-01-30,492.33795166015625
2023-01-31,504.8172607421875
2023-02-01,495.1488037109375
2023-02-02,488.7516479492188
2023-02-03,489.43017578125
2023-02-06,489.4058837890625
2023-02-07,485.1896362304688
2023-02-08,479.6405944824219
2023-02-09,484.9472961425781
2023-02-10,485.1896362304688
2023-02-13,479.8829040527344
2023-02-14,476.9508972167969
2023-02-15,478.8651428222656
2023-02-16,483.9053649902344
2023-02-17,488.1700744628906
2023-02-20,482.2091369628906
2023-02-21,483.20263671875
2023-02-22,483.4449462890625
2023-02-23,481.8941040039063
2023-02-24,480.3675231933594
2023-02-27,474.84271240234375
2023-02-28,479.49517822265625
2023-03-01,481.1671447753906
2023-03-02,478.8166809082031
2023-03-03,484.43841552734375
2023-03-06,491.8775329589844
2023-03-08,491.0536804199219
2023-03-09,482.1606750488281
2023-03-10,485.9892578125
2023-03-13,474.0430908203125
2023-03-14,472.8072509765625
2023-03-15,470.43255615234375
2023-03-16,461.46685791015625
2023-03-17,460.4248962402344
2023-03-20,461.0306701660156
2023-03-21,467.5247497558594
2023-03-22,469.4390869140625
2023-03-23,461.4910888671875
2023-03-24,455.6755065917969
2023-03-27,441.6211853027344
2023-03-28,429.2388305664063
2023-03-29,431.8558044433594
2023-03-31,440.40960693359375
2023-04-03,449.4722290039063
2023-04-05,461.1034240722656
2023-04-06,471.9349365234375
2023-04-10,480.8279418945313
2023-04-11,484.1476440429688
2023-04-12,483.20263671875
2023-04-13,484.43841552734375
2023-04-17,486.2073364257813
2023-04-18,490.1328430175781
2023-04-19,488.1216430664063
2023-04-20,489.8905334472656
2023-04-21,487.2008056640625
2023-04-24,478.33209228515625
2023-04-25,480.5129089355469
2023-04-26,482.7422180175781
2023-04-27,485.5046081542969
2023-04-28,487.34619140625
2023-05-02,480.052490234375
2023-05-03,479.83441162109375
2023-05-04,479.470947265625
2023-05-05,480.0040588378906
2023-05-08,479.083251953125
2023-05-09,475.8846740722656
2023-05-10,476.97509765625
2023-05-11,481.77294921875
2023-05-12,481.70025634765625
2023-05-15,480.5856323242188
2023-05-16,478.01702880859375
2023-05-17,474.3580932617188
2023-05-18,479.8101806640625
2023-05-19,479.83441162109375
2023-05-22,480.246337890625
2023-05-23,478.1382141113281
2023-05-24,479.18017578125
2023-05-25,478.5501708984375
2023-05-26,477.9201354980469
2023-05-29,479.8101806640625
2023-05-30,476.4662170410156
2023-05-31,503.2663879394531
2023-06-01,518.0234985351562
2023-06-02,517.5387573242188
2023-06-05,508.5973510742188
2023-06-06,499.0016479492188
2023-06-07,500.7220458984375
2023-06-08,503.3875427246094
2023-06-09,498.9289245605469
2023-06-12,506.125732421875
2023-06-13,507.7976989746094
2023-06-14,491.4171447753906
2023-06-15,505.4472351074219
2023-06-16,501.54595947265625
2023-06-19,502.7091064453125
2023-06-20,505.2291564941406
2023-06-21,504.0175476074219
2023-06-22,509.08197021484375
2023-06-23,502.1759338378906
2023-06-26,508.8639221191406
2023-06-27,518.9442749023438
2023-06-28,541.4554443359375
2023-06-30,538.3052978515625
2023-07-03,558.2721557617188
2023-07-04,554.4920043945312
2023-07-05,579.8868408203125
2023-07-06,577.1486206054688
2023-07-07,571.1876220703125
2023-07-10,585.0723266601562
2023-07-11,581.5829467773438
2023-07-12,589.3128051757812
2023-07-13,578.14208984375
2023-07-14,585.508544921875
2023-07-17,595.9765625
2023-07-18,584.0546264648438
2023-07-19,586.1143188476562
2023-07-20,580.8560791015625
2023-07-21,575.1858520507812
2023-07-24,575.3069458007812
2023-07-25,574.1680908203125
2023-07-26,575.8158569335938
2023-07-27,593.7229614257812
2023-07-28,591.7603149414062
2023-07-31,596.4127197265625
2023-08-01,603.1248168945312
2023-08-02,590.4517211914062
2023-08-03,589.5067138671875
2023-08-04,589.070556640625
2023-08-07,581.3890991210938
2023-08-08,597.7454223632812
2023-08-09,592.826416015625
2023-08-10,581.4376220703125
2023-08-11,578.1905517578125
2023-08-14,571.7692260742188
2023-08-16,563.2638549804688
2023-08-17,561.5919189453125
2023-08-18,555.1220703125
2023-08-21,557.4967651367188
2023-08-22,564.233154296875
2023-08-23,564.039306640625
2023-08-24,561.1314697265625
2023-08-25,559.8538208007812
2023-08-28,552.2613525390625
2023-08-29,555.111572265625
2023-08-30,562.0406494140625
2023-08-31,559.4606323242188
2023-09-01,560.9348754882812
2023-09-04,565.947509765625
2023-09-05,602.2144775390625
2023-09-06,599.9539184570312
2023-09-07,591.2066650390625
2023-09-08,630.1519165039062
2023-09-11,683.5204467773438
2023-09-12,655.460205078125
2023-09-13,648.285400390625
2023-09-14,650.2510375976562
2023-09-15,660.6692504882812
2023-09-18,653.6910400390625
2023-09-20,642.142578125
2023-09-21,634.844970703125
2023-09-22,645.189453125
2023-09-25,644.6980590820312
2023-09-26,652.4625244140625
2023-09-27,664.4778442382812
2023-09-28,655.1161499023438
2023-09-29,668.2371826171875
2023-10-03,657.03271484375
2023-10-04,647.0813598632812
2023-10-05,651.2584838867188
2023-10-06,662.3646850585938
2023-10-09,643.0517578125
2023-10-10,649.8579711914062
2023-10-11,653.8875732421875
2023-10-12,683.3975830078125
2023-10-13,682.6604614257812
2023-10-16,673.1514282226562
2023-10-17,665.2640991210938
2023-10-18,662.6594848632812
2023-10-19,658.2612915039062
2023-10-20,660.0549926757812
2023-10-23,642.36376953125
2023-10-25,650.2756958007812
2023-10-26,635.0415649414062
2023-10-27,652.1676025390625
2023-10-30,675.3873901367188
2023-10-31,715.5858154296875
2023-11-01,737.9946899414062
2023-11-02,747.5528564453125
2023-11-03,766.8657836914062
2023-11-06,788.0952758789062
2023-11-07,777.1856689453125
2023-11-08,790.5032348632812
2023-11-09,831.8565063476562
2023-11-10,873.2835083007812
2023-11-13,906.0859985351562
2023-11-15,890.4095458984375
2023-11-16,876.8463134765625
2023-11-17,874.3154907226562
2023-11-20,859.8676147460938
2023-11-21,847.6802978515625
2023-11-22,844.75634765625
2023-11-23,880.6793823242188
2023-11-24,885.5444946289062
2023-11-28,890.4095458984375
2023-11-29,938.9867553710938
2023-11-30,930.6571655273438
2023-12-01,932.843994140625
2023-12-04,947.1689453125
2023-12-05,942.8690185546876
2023-12-06,933.9743041992188
2023-12-07,927.3154296875
2023-12-08,915.1281127929688
2023-12-11,929.3302612304688
2023-12-12,921.4920654296876
2023-12-13,960.6339111328124
2023-12-14,956.8991088867188
2023-12-15,929.0845947265624
2023-12-18,931.3450927734376
2023-12-19,939.576416015625
2023-12-20,887.9769897460938
2023-12-21,903.0146484375
2023-12-22,902.7197265625
2023-12-26,909.6488037109376
2023-12-27,911.614501953125
2023-12-28,901.1471557617188
2023-12-29,896.5523681640625
2024-01-01,893.5792236328125
2024-01-02,893.9478149414062
2024-01-03,905.7665405273438
2024-01-04,926.357177734375
2024-01-05,928.1263427734376
2024-01-08,920.8286743164062
2024-01-09,921.0744018554688
2024-01-10,914.6858520507812
2024-01-11,906.6757202148438
2024-01-12,910.5579223632812
2024-01-15,907.0442504882812
2024-01-16,924.514404296875
2024-01-17,907.9042358398438
2024-01-18,894.7095336914062
2024-01-19,894.7586669921875
2024-01-23,851.8082885742188
2024-01-24,865.641845703125
2024-01-25,869.917236328125
2024-01-29,867.5584106445312
2024-01-30,857.5579833984375
2024-01-31,872.3006591796875
2024-02-01,889.9426879882812
2024-02-02,920.8286743164062
2024-02-05,898.1004028320312
2024-02-06,909.3047485351562
2024-02-07,962.1819458007812
2024-02-08,982.9937744140624
2024-02-09,956.7762451171876
2024-02-12,909.05908203125
2024-02-13,926.5783081054688
2024-02-14,933.0650634765624
2024-02-15,923.0892333984376
2024-02-16,921.9835815429688
2024-02-19,904.9556884765624
2024-02-20,904.857421875
2024-02-21,884.3650512695312
2024-02-22,896.6752319335938
2024-02-23,913.8258666992188
2024-02-26,933.7039794921876
2024-02-27,940.5592651367188
2024-02-28,948.9627075195312
2024-02-29,942.1318969726562
2024-03-01,942.8198852539062
2024-03-04,934.0725708007812
2024-03-05,923.7034912109376
2024-03-06,902.6460571289062
2024-03-07,899.5991821289062
2024-03-11,889.770751953125
2024-03-12,888.2227783203125
2024-03-13,827.8759765625
2024-03-14,840.01416015625
2024-03-15,845.100341796875
2024-03-18,829.1782836914062
2024-03-19,824.4851684570312
2024-03-20,814.5830078125
2024-03-21,867.9024047851562
2024-03-22,878.3451538085938
2024-03-26,879.1068115234375
2024-03-27,828.5640258789062
2024-03-28,841.2918090820312
2024-04-01,903.0883178710938
2024-04-02,922.008056640625
2024-04-03,922.1063842773438
2024-04-04,922.6715698242188
2024-04-05,926.0623168945312
2024-04-08,922.5240478515624
2024-04-09,917.1675415039062
2024-04-10,924.8829345703124
2024-04-12,986.8267822265624
2024-04-15,971.0275268554688
2024-04-16,970.8309936523438
2024-04-18,965.9904174804688
2024-04-19,953.50830078125
2024-04-22,988.8416137695312
2024-04-23,1034.887939453125
2024-04-24,1022.5286254882812
2024-04-25,1057.0511474609375
2024-04-26,1041.5714111328125
2024-04-29,1036.780029296875
2024-04-30,1036.263916015625
2024-05-02,1020.6858520507812
2024-05-03,1021.9635620117188
2024-05-06,1054.7659912109375
2024-05-07,1036.8291015625
2024-05-08,1065.7247314453125
2024-05-09,1018.228759765625
2024-05-10,990.9301147460938
2024-05-13,979.7994384765624
2024-05-14,1010.6362915039062
2024-05-15,1042.6524658203125
2024-05-16,1029.1875
2024-05-17,1039.556396484375
2024-05-21,1055.871826171875
2024-05-22,1063.857421875
2024-05-23,1065.62646484375
2024-05-24,1054.3729248046875
2024-05-27,1041.301025390625
2024-05-28,1026.1651611328125
2024-05-29,1019.6537475585938
2024-05-30,1017.0247802734376
2024-05-31,1022.0126953125
2024-06-03,1059.4346923828125
2024-06-04,967.8087158203124
2024-06-05,967.0715942382812
2024-06-06,999.6528930664062
2024-06-07,1023.044677734375
2024-06-10,1015.7962036132812
2024-06-11,1026.0179443359375
2024-06-12,1029.8017578125
2024-06-13,1032.971435546875
2024-06-14,1039.26171875
2024-06-18,1018.8675537109376
2024-06-19,1008.2037353515624
2024-06-20,1002.2328491210938
2024-06-21,996.1146850585938
2024-06-24,998.8912353515624
2024-06-25,1000.1198120117188
2024-06-26,991.3233032226562
2024-06-27,985.89306640625
2024-06-28,1173.14990234375
2024-07-01,1198.089599609375
2024-07-02,1175.0418701171875
2024-07-03,1139.9295654296875
2024-07-04,1140.126220703125
2024-07-05,1141.5513916015625
2024-07-08,1134.7451171875
2024-07-09,1129.2904052734375
2024-07-10,1128.8236083984375
2024-07-11,1200.2518310546875
2024-07-12,1188.703369140625
2024-07-15,1182.8309326171875
2024-07-16,1181.888671875
2024-07-18,1156.545166015625
2024-07-19,1133.3592529296875
2024-07-22,1136.2855224609375
2024-07-23,1152.23046875
2024-07-24,1182.161376953125
2024-07-25,1198.1312255859375
2024-07-26,1213.505859375
2024-07-29,1213.1090087890625
2024-07-30,1216.5806884765625
2024-07-31,1240.6346435546875
2024-08-01,1209.042236328125
2024-08-02,1216.679931640625
2024-08-05,1146.1053466796875
2024-08-06,1137.1534423828125
2024-08-07,1165.026123046875
2024-08-08,1216.679931640625
2024-08-09,1272.2518310546875
2024-08-12,1276.4923095703125
2024-08-13,1253.9014892578125
2024-08-14,1269.9456787109375
2024-08-16,1382.8004150390625
2024-08-19,1426.444580078125
2024-08-20,1431.37939453125
2024-08-21,1421.4603271484375
2024-08-22,1437.3309326171875
2024-08-23,1555.8148193359375
2024-08-26,1526.652587890625
2024-08-27,1522.2880859375
2024-08-28,1481.1734619140625
2024-08-29,1419.8236083984375
2024-08-30,1423.2952880859375
2024-09-02,1404.9449462890625
2024-09-03,1409.9539794921875
2024-09-04,1408.5654296875
2024-09-05,1405.5897216796875
2024-09-06,1390.1654052734375
2024-09-09,1361.4991455078125
2024-09-10,1343.495849609375
2024-09-11,1348.3067626953125
2024-09-12,1367.103515625
2024-09-13,1370.277587890625
2024-09-16,1433.0159912109375
2024-09-17,1444.47265625
2024-09-18,1491.9852294921875
2024-09-19,1498.8790283203125
2024-09-20,1526.206298828125
2024-09-23,1509.24462890625
2024-09-24,1485.636962890625
2024-09-25,1484.149169921875
2024-09-26,1456.921142578125
2024-09-27,1451.2176513671875
2024-09-30,1425.4775390625
2024-10-01,1425.0311279296875
2024-10-03,1403.8538818359375
2024-10-04,1362.689453125
2024-10-07,1357.0355224609375
2024-10-08,1351.0841064453125
2024-10-09,1459.9464111328125
2024-10-10,1471.651123046875
2024-10-11,1466.096435546875
2024-10-14,1566.527587890625
2024-10-15,1573.6693115234375
2024-10-16,1557.005126953125
2024-10-17,1532.5048828125
2024-10-18,1566.527587890625
2024-10-21,1539.34912109375
2024-10-22,1449.035400390625
2024-10-23,1468.377685546875
2024-10-24,1458.1114501953125
2024-10-25,1407.52392578125
2024-10-28,1471.651123046875
2024-10-29,1450.0770263671875
2024-10-30,1506.7152099609375
2024-10-31,1533.2984619140625
2024-11-01,1545.3997802734375
2024-11-04,1509.4925537109375
2024-11-05,1529.0828857421875
2024-11-06,1559.683349609375
2024-11-07,1588.0023193359375
2024-11-08,1583.8363037109375
2024-11-11,1541.6800537109375
2024-11-12,1509.5916748046875
2024-11-13,1423.6424560546875
2024-11-14,1460.8392333984375
2024-11-18,1492.481201171875
2024-11-19,1494.16748046875
2024-11-21,1531.860107421875
2024-11-22,1527.7933349609375
2024-11-25,1541.9776611328125
2024-11-26,1574.7603759765625
2024-11-27,1604.8153076171875
2024-11-28,1585.32421875
2024-11-29,1626.19091796875
2024-12-02,1651.583984375
2024-12-03,1650.443359375
2024-12-04,1704.700927734375
2024-12-05,1840.9400634765625
2024-12-06,1868.56494140625
2024-12-09,1889.543701171875
2024-12-10,1893.4619140625
2024-12-11,1914.7384033203125
2024-12-12,1932.24560546875
2024-12-13,1927.781982421875
2024-12-16,1942.1151123046875
2024-12-17,1948.1658935546875
2024-12-18,1933.1878662109373
2024-12-19,1940.627197265625
2024-12-20,1845.7012939453125
2024-12-23,1803.89208984375
2024-12-24,1800.8172607421875
2024-12-26,1792.038818359375
2024-12-27,1763.1741943359375
2024-12-30,1734.805419921875
2024-12-31,1744.427001953125
2025-01-01,1794.022705078125
2025-01-02,1790.2532958984375
2025-01-03,1790.749267578125
2025-01-06,1717.24853515625
2025-01-07,1744.5262451171875
2025-01-08,1708.47021484375
2025-01-09,1660.4119873046875
2025-01-10,1581.554931640625
2025-01-13,1516.8822021484375
2025-01-14,1559.782470703125
2025-01-15,1589.9366455078125
2025-01-16,1590.2838134765625
2025-01-17,1584.97705078125
2025-01-20,1585.4730224609375
2025-01-21,1515.196044921875
2025-01-22,1492.53076171875
2025-01-23,1503.88818359375
2025-01-24,1488.1168212890625
2025-01-27,1333.1800537109375
2025-01-28,1254.37255859375
2025-01-29,1281.00537109375
2025-01-30,1260.5224609375
2025-01-31,1299.1077880859375
2025-02-01,1296.33056640625
2025-02-03,1236.964599609375
2025-02-04,1280.0631103515625
2025-02-05,1337.941162109375
2025-02-06,1317.3094482421875
2025-02-07,1325.3934326171875
2025-02-10,1287.105712890625
2025-02-11,1229.8724365234375
2025-02-12,1225.706298828125
2025-02-13,1217.07666015625
2025-02-14,1195.55224609375
2025-02-17,1197.1888427734375
2025-02-18,1174.9700927734375
2025-02-19,1198.478271484375
2025-02-20,1239.146728515625
2025-02-21,1245.4949951171875
2025-02-24,1204.1322021484375
2025-02-25,1191.534912109375
2025-02-27,1144.4190673828125
2025-02-28,1098.93994140625
2025-03-03,1095.269775390625
2025-03-04,1107.222412109375
2025-03-05,1129.788330078125
2025-03-06,1166.3900146484375
2025-03-07,1143.5760498046875
2025-03-10,1098.3448486328125
2025-03-11,1095.5177001953125
2025-03-12,1081.035888671875
2025-03-13,1062.33837890625
2025-03-17,1049.641845703125
2025-03-18,1049.641845703125
2025-03-19,1163.7613525390625
2025-03-20,1160.8353271484375
2025-03-21,1206.4632568359375
2025-03-24,1225.5576171875
2025-03-25,1200.6109619140625
2025-03-26,1171.6470947265625
2025-03-27,1178.094482421875
2025-03-28,1210.1829833984375
2025-04-01,1188.1129150390625
2025-04-02,1211.571533203125
2025-04-03,1228.285400390625
2025-04-04,1190.146240234375
2025-04-07,1134.549560546875
2025-04-08,1162.4718017578125
2025-04-09,1137.3765869140625
2025-04-11,1158.5538330078125
2025-04-15,1217.4735107421875
2025-04-16,1222.234619140625
2025-04-17,1231.856201171875
2025-04-21,1296.2313232421875
2025-04-22,1301.984375
2025-04-23,1349.893798828125
2025-04-24,1356.3411865234375
2025-04-25,1320.136474609375
2025-04-28,1328.27001953125
2025-04-29,1335.3126220703125
2025-04-30,1309.3245849609375
2025-05-02,1310.5147705078125
2025-05-05,1302.8770751953125
2025-05-06,1250.0081787109375
2025-05-07,1256.3564453125
2025-05-08,1230.169921875
2025-05-09,1208.74462890625
2025-05-12,1268.6561279296875
2025-05-13,1312.597900390625
2025-05-14,1325.5919189453125
2025-05-15,1326.3853759765625
2025-05-16,1397.406494140625
2025-05-19,1439.0667724609375
2025-05-20,1436.884521484375
2025-05-21,1438.57080078125
2025-05-22,1443.728759765625
2025-05-23,1450.4737548828125
2025-05-26,1457.0203857421875
2025-05-27,1453.9454345703125
2025-05-28,1507.0128173828125
2025-05-29,1500.763671875
2025-05-30,1517.32861328125
2025-06-02,1669.2896728515625
2025-06-03,1695.079345703125
2025-06-04,1687.5408935546875
2025-06-05,1764.4140625
2025-06-06,1761.63671875
2025-06-09,1778.9951171875
2025-06-10,1772.74609375
2025-06-11,1725.332763671875
2025-06-12,1630.902587890625
2025-06-13,1646.2772216796875
2025-06-16,1668.9920654296875
2025-06-17,1673.1580810546875
2025-06-18,1666.710693359375
2025-06-19,1624.554443359375
2025-06-20,1672.166259765625
2025-06-23,1709.3629150390625
2025-06-24,1734.359130859375
2025-06-25,1730.193115234375
2025-06-26,1732.6728515625
2025-06-27,1746.2620849609375
2025-06-30,1779.4910888671875
2025-07-01,1782.9627685546875
2025-07-02,1764.6124267578125
2025-07-03,1790.302978515625
2025-07-04,1748.245849609375
2025-07-07,1764.116455078125
2025-07-08,1739.913818359375
2025-07-09,1747.25390625
2025-07-10,1733.069580078125
2025-07-11,1675.042724609375
2025-07-14,1663.8341064453125
2025-07-15,1687.6400146484375
2025-07-16,1707.577392578125
2025-07-17,1700.2373046875
2025-07-18,1684.763427734375
2025-07-21,1717.49658203125
2025-07-22,1700.8323974609375
2025-07-23,1683.5732421875
2025-07-24,1665.71875
2025-07-25,1601.64111328125
2025-07-28,1510.4844970703125
2025-07-29,1527.2476806640625
2025-07-30,1500.5653076171875
2025-07-31,1468.8240966796875
2025-08-01,1466.84033203125
2025-08-04,1559.683349609375
2025-08-05,1553.5333251953125
2025-08-06,1533.0999755859375
2025-08-07,1564.5
2025-08-08,1567.0999755859375
2025-08-11,1564.800048828125
2025-08-12,1541.699951171875
2025-08-13,1564.5
2025-08-14,1559.800048828125
2025-08-18,1575.0999755859375
2025-08-19,1581.699951171875
2025-08-20,1583.5999755859375
2025-08-21,1569.5
2025-08-22,1574.4000244140625
2025-08-25,1541.9000244140625
2025-08-26,1492.0999755859375
2025-08-28,1452.0
2025-08-29,1424.4000244140625
2025-09-01,1476.9000244140625
2025-09-02,1508.9000244140625
2025-09-03,1518.5999755859375
2025-09-04,1509.4000244140625
2025-09-05,1523.4000244140625
2025-09-08,1554.300048828125
2025-09-09,1548.9000244140625
2025-09-10,1548.800048828125
2025-09-11,1531.9000244140625
2025-09-12,1545.800048828125
2025-09-15,1553.5999755859375
2025-09-16,1549.4000244140625
2025-09-17,1568.9000244140625
2025-09-18,1588.300048828125
2025-09-19,1582.0
2025-09-22,1558.5
2025-09-23,1546.5999755859375
2025-09-24,1514.0
2025-09-25,1494.800048828125
2025-09-26,1467.699951171875
2025-09-29,1475.0
2025-09-30,1458.5999755859375
2025-10-01,1475.5
2025-10-03,1490.0999755859375
2025-10-06,1524.9000244140625
2025-10-07,1562.800048828125
2025-10-08,1539.699951171875
2025-10-09,1558.5999755859375
2025-10-10,1605.300048828125
2025-10-13,1619.4000244140625
2025-10-14,1606.5
2025-10-15,1622.0
2025-10-16,1620.300048828125
2025-10-17,1611.300048828125
2025-10-20,1599.800048828125
2025-10-21,1604.0
2025-10-23,1600.300048828125
2025-10-24,1590.199951171875
2025-10-27,1636.5
2025-10-28,1632.800048828125
2025-10-29,1616.4000244140625
2025-10-30,1614.699951171875
2025-10-31,1587.199951171875
2025-11-03,1593.4000244140625
2025-11-04,1539.0999755859375
2025-11-06,1532.9000244140625
2025-11-07,1578.800048828125
2025-11-10,1589.800048828125
2025-11-11,1600.9000244140625
2025-11-12,1655.300048828125
2025-11-13,1626.300048828125
2025-11-14,1625.800048828125
2025-11-17,1631.5
2025-11-18,1605.699951171875
2025-11-19,1622.800048828125
2025-11-20,1640.0999755859375
2025-11-21,1610.199951171875
2025-11-24,1587.5999755859375
2025-11-25,1574.0999755859375
2025-11-26,1619.9000244140625
2025-11-27,1624.5999755859375
2025-11-28,1617.199951171875
2025-12-01,1604.5
2025-12-02,1592.0999755859375
2025-12-03,1550.5
2025-12-04,1536.300048828125
2025-12-05,1550.5999755859375
2025-12-08,1520.9000244140625
2025-12-09,1517.199951171875
2025-12-10,1479.300048828125
2025-12-11,1522.699951171875
2025-12-12,1526.5
2025-12-15,1517.5999755859375
2025-12-16,1501.199951171875
2025-12-17,1477.300048828125
2025-12-18,1489.5999755859375
2025-12-19,1499.5999755859375
2025-12-22,1518.699951171875
2025-12-23,1515.5
2025-12-24,1498.9000244140625
2025-12-26,1482.699951171875
2025-12-29,1463.5
2025-12-30,1433.9000244140625
2025-12-31,1443.5999755859375
2026-01-01,1446.199951171875
2026-01-02,1466.5999755859375
2026-01-05,1468.5999755859375
2026-01-06,1457.0
2026-01-07,1475.5999755859375
2026-01-08,1438.199951171875
2026-01-09,1409.699951171875
2026-01-12,1417.5
2026-01-13,1419.9000244140625
2026-01-14,1415.5999755859375
2026-01-15,1415.5999755859375
2026-01-16,1434.300048828125
2026-01-19,1414.9000244140625
2026-01-20,1341.0
2026-01-21,1333.800048828125
2026-01-22,1356.5999755859375
2026-01-23,1326.300048828125
2026-01-27,1322.0999755859375
2026-01-28,1356.9000244140625
2026-01-29,1323.0
2026-01-30,1320.199951171875
2026-02-02,1237.199951171875
2026-02-03,1343.0
2026-02-04,1366.300048828125
2026-02-05,1363.300048828125
2026-02-06,1331.4000244140625
2026-02-09,1374.300048828125
2026-02-10,1400.9000244140625
2026-02-11,1397.199951171875
2026-02-12,1370.199951171875
2026-02-13,1335.300048828125
2026-02-16,1353.699951171875
2026-02-17,1339.4000244140625
2026-02-18,1355.699951171875
2026-02-19,1320.300048828125
2026-02-20,1320.4000244140625
2026-02-23,1334.300048828125
2026-02-24,1324.800048828125
2026-02-25,1326.800048828125
2026-02-26,1295.800048828125
2026-02-27,1272.199951171875
2026-03-02,1228.300048828125
2026-03-04,1209.4000244140625
2026-03-05,1239.5999755859375
2026-03-06,1224.0999755859375
2026-03-09,1210.5
2026-03-10,1249.300048828125
2026-03-11,1219.4000244140625
2026-03-12,1210.800048828125
2026-03-13,1176.5
2026-03-16,1184.5
2026-03-17,1199.300048828125
2026-03-18,1233.5999755859375
2026-03-19,1194.199951171875
2026-03-20,1190.800048828125
2026-03-23,1133.800048828125
2026-03-24,1185.5
2026-03-25,1212.800048828125
2026-03-27,1171.300048828125
2026-03-30,1119.4000244140625
2026-04-01,1182.800048828125
2026-04-02,1186.300048828125
2026-04-06,1205.300048828125
2026-04-07,1203.5
2026-04-08,1287.4000244140625
2026-04-09,1279.300048828125
2026-04-10,1303.4000244140625
2026-04-13,1290.5999755859375
2026-04-15,1339.800048828125
2026-04-16,1367.800048828125
2026-04-17,1393.199951171875
2026-04-20,1370.300048828125
2026-04-21,1362.5999755859375
2026-04-22,1321.199951171875
2026-04-23,1323.5999755859375
2026-04-24,1312.800048828125
2026-04-27,1324.0999755859375
2026-04-28,1324.5999755859375
2026-04-29,1306.4000244140625
2026-04-30,1272.0
2026-05-01,1272.0
2026-05-04,1238.300048828125
2026-05-05,1254.699951171875
2026-05-06,1282.800048828125
2026-05-07,1269.800048828125
2026-05-08,1259.300048828125
2026-05-11,1226.800048828125
2026-05-12,1182.4000244140625
2026-05-13,1186.199951171875
2026-05-14,1198.699951171875
