,close
2025-08-05,1082.6500244140625
2025-08-06,1065.9000244140625
2025-08-07,1134.300048828125
2025-08-08,1090.8499755859375
2025-08-11,1063.550048828125
2025-08-12,1061.550048828125
2025-08-13,1066.5999755859375
2025-08-14,1057.050048828125
2025-08-18,1090.550048828125
2025-08-19,1112.5
2025-08-20,1223.75
2025-08-21,1288.949951171875
2025-08-22,1360.449951171875
2025-08-25,1319.75
2025-08-26,1283.0
2025-08-28,1250.300048828125
2025-08-29,1264.0
2025-09-01,1248.199951171875
2025-09-02,1310.5999755859375
2025-09-03,1357.699951171875
2025-09-04,1386.5
2025-09-05,1368.199951171875
2025-09-08,1356.800048828125
2025-09-09,1347.9000244140625
2025-09-10,1349.5
2025-09-11,1398.4000244140625
2025-09-12,1435.0
2025-09-15,1441.800048828125
2025-09-16,1425.0999755859375
2025-09-17,1464.300048828125
2025-09-18,1445.9000244140625
2025-09-19,1403.300048828125
2025-09-22,1422.199951171875
2025-09-23,1394.5999755859375
2025-09-24,1375.4000244140625
2025-09-25,1320.699951171875
2025-09-26,1254.699951171875
2025-09-29,1276.0999755859375
2025-09-30,1319.300048828125
2025-10-01,1330.5
2025-10-03,1357.300048828125
2025-10-06,1378.699951171875
2025-10-07,1423.0
2025-10-08,1401.800048828125
2025-10-09,1360.800048828125
2025-10-10,1391.199951171875
2025-10-13,1362.5
2025-10-14,1355.5999755859375
2025-10-15,1423.300048828125
2025-10-16,1384.5999755859375
2025-10-17,1397.0999755859375
2025-10-20,1419.4000244140625
2025-10-21,1433.199951171875
2025-10-23,1409.9000244140625
2025-10-24,1389.300048828125
2025-10-27,1382.199951171875
2025-10-28,1373.5
2025-10-29,1380.0
2025-10-30,1361.5
2025-10-31,1314.0
2025-11-03,1325.5999755859375
2025-11-04,1322.0999755859375
2025-11-06,1403.9000244140625
2025-11-07,1534.9000244140625
2025-11-10,1496.0
2025-11-11,1500.0
2025-11-12,1495.5999755859375
2025-11-13,1645.0999755859375
2025-11-14,1620.9000244140625
2025-11-17,1678.0
2025-11-18,1680.699951171875
2025-11-19,1721.9000244140625
2025-11-20,1677.4000244140625
2025-11-21,1667.699951171875
2025-11-24,1607.5
2025-11-25,1625.300048828125
2025-11-26,1586.4000244140625
2025-11-27,1570.0
2025-11-28,1534.0
2025-12-01,1519.9000244140625
2025-12-02,1546.5
2025-12-03,1533.0999755859375
2025-12-04,1515.5999755859375
2025-12-05,1511.9000244140625
2025-12-08,1499.0
2025-12-09,1483.5
2025-12-10,1473.199951171875
2025-12-11,1535.699951171875
2025-12-12,1554.9000244140625
2025-12-15,1566.199951171875
2025-12-16,1535.699951171875
2025-12-17,1520.800048828125
2025-12-18,1526.300048828125
2025-12-19,1559.4000244140625
2025-12-22,1598.699951171875
2025-12-23,1553.0999755859375
2025-12-24,1531.300048828125
2025-12-26,1502.800048828125
2025-12-29,1491.0999755859375
2025-12-30,1487.5
2025-12-31,1490.300048828125
2026-01-01,1522.0
2026-01-02,1501.4000244140625
2026-01-05,1465.0
2026-01-06,1418.5
2026-01-07,1401.4000244140625
2026-01-08,1371.0999755859375
2026-01-09,1405.300048828125
2026-01-12,1422.699951171875
2026-01-13,1419.699951171875
2026-01-14,1401.199951171875
2026-01-15,1401.199951171875
2026-01-16,1386.5999755859375
2026-01-19,1385.0
2026-01-20,1400.0
2026-01-21,1376.4000244140625
2026-01-22,1430.4000244140625
2026-01-23,1395.0
2026-01-27,1380.5
2026-01-28,1408.800048828125
2026-01-29,1402.0
2026-01-30,1382.0
2026-02-02,1454.300048828125
2026-02-03,1489.4000244140625
2026-02-04,1557.0
2026-02-05,1476.300048828125
2026-02-06,1488.699951171875
2026-02-09,1525.5999755859375
2026-02-10,1587.0
2026-02-11,1582.800048828125
2026-02-12,1546.199951171875
2026-02-13,1573.300048828125
2026-02-16,1570.5999755859375
2026-02-17,1592.9000244140625
2026-02-18,1567.5999755859375
2026-02-19,1553.9000244140625
2026-02-20,1499.9000244140625
2026-02-23,1504.9000244140625
2026-02-24,1474.5
2026-02-25,1575.699951171875
2026-02-26,1610.0
2026-02-27,1689.0
2026-03-02,1742.5
2026-03-04,1685.699951171875
2026-03-05,1707.5999755859375
2026-03-06,1670.4000244140625
2026-03-09,1640.5999755859375
2026-03-10,1643.9000244140625
2026-03-11,1582.9000244140625
2026-03-12,1608.800048828125
2026-03-13,1619.4000244140625
2026-03-16,1588.199951171875
2026-03-17,1611.5
2026-03-18,1683.9000244140625
2026-03-19,1674.5
2026-03-20,1719.300048828125
2026-03-23,1642.199951171875
2026-03-24,1673.4000244140625
2026-03-25,1809.4000244140625
2026-03-27,1826.0
2026-03-30,1798.300048828125
2026-04-01,1790.300048828125
2026-04-02,1799.5999755859375
2026-04-06,1815.9000244140625
2026-04-07,1831.5999755859373
2026-04-08,1899.800048828125
2026-04-09,1903.800048828125
2026-04-10,1894.4000244140625
2026-04-13,1954.199951171875
2026-04-15,2066.89990234375
2026-04-16,2098.39990234375
2026-04-17,2264.300048828125
2026-04-20,2273.800048828125
2026-04-21,2258.0
2026-04-22,2183.89990234375
2026-04-23,2268.300048828125
2026-04-24,2273.199951171875
2026-04-27,2345.199951171875
2026-04-28,2306.60009765625
2026-04-29,2338.39990234375
2026-04-30,2325.60009765625
2026-05-01,2325.60009765625
2026-05-04,2395.800048828125
2026-05-05,2460.60009765625
2026-05-06,2460.5
2026-05-07,2463.10009765625
2026-05-08,2508.300048828125
2026-05-11,2517.699951171875
2026-05-12,2509.800048828125
2026-05-13,2502.10009765625
2026-05-14,2546.89990234375
2026-05-15,2464.300048828125
2026-05-18,2417.10009765625
2026-05-19,2375.10009765625
2026-05-20,2400.39990234375
2026-05-21,2416.300048828125
2026-05-22,2416.0
2026-05-25,2556.10009765625
2026-05-26,2648.699951171875
2026-05-27,2639.60009765625
2026-05-28,2639.60009765625
2026-05-29,2903.5
2026-06-01,3126.0
2026-06-02,3213.699951171875
2026-06-03,3369.199951171875
2026-06-04,3537.60009765625
2026-06-05,3501.89990234375
2026-06-08,3423.60009765625
2026-06-09,3482.199951171875
2026-06-10,3437.0
2026-06-11,3343.5
