date,pe
2006-01-02,-1.0
2006-01-03,-1.0
2006-01-04,-1.0
2006-01-05,-1.0
2006-01-06,-1.0
2006-01-09,-1.0
2006-01-10,-1.0
2006-01-11,-1.0
2006-01-12,-1.0
2006-01-13,-1.0
2006-01-16,-1.0
2006-01-17,-1.0
2006-01-18,-1.0
2006-01-19,-1.0
2006-01-20,-1.0
2006-01-23,-1.0
2006-01-24,-1.0
2006-01-25,-1.0
2006-01-26,-1.0
2006-01-27,-1.0
2006-01-30,-1.0
2006-01-31,-1.0
2006-02-01,-1.0
2006-02-02,-1.0
2006-02-03,-1.0
2006-02-06,-1.0
2006-02-07,-1.0
2006-02-08,-1.0
2006-02-09,-1.0
2006-02-10,-1.0
2006-02-13,-1.0
2006-02-14,-1.0
2006-02-15,-1.0
2006-02-16,-1.0
2006-02-17,-1.0
2006-02-20,-1.0
2006-02-21,-1.0
2006-02-22,-1.0
2006-02-23,-1.0
2006-02-24,-1.0
2006-02-27,-1.0
2006-02-28,-1.0
2006-03-01,-1.0
2006-03-02,-1.0
2006-03-03,-1.0
2006-03-06,-1.0
2006-03-07,-1.0
2006-03-08,-1.0
2006-03-09,-1.0
2006-03-10,-1.0
2006-03-13,-1.0
2006-03-14,-1.0
2006-03-15,-1.0
2006-03-16,-1.0
2006-03-17,-1.0
2006-03-20,-1.0
2006-03-21,-1.0
2006-03-22,-1.0
2006-03-23,-1.0
2006-03-24,-1.0
2006-03-27,-1.0
2006-03-28,-1.0
2006-03-29,-1.0
2006-03-30,-1.0
2006-03-31,-1.0
2006-04-03,-1.0
2006-04-04,-1.0
2006-04-05,-1.0
2006-04-06,-1.0
2006-04-07,-1.0
2006-04-10,-1.0
2006-04-11,-1.0
2006-04-12,-1.0
2006-04-13,-1.0
2006-04-14,-1.0
2006-04-17,-1.0
2006-04-18,-1.0
2006-04-19,-1.0
2006-04-20,-1.0
2006-04-21,-1.0
2006-04-24,-1.0
2006-04-25,-1.0
2006-04-26,-1.0
2006-04-27,-1.0
2006-04-28,-1.0
2006-05-01,-1.0
2006-05-02,-1.0
2006-05-03,-1.0
2006-05-04,-1.0
2006-05-05,-1.0
2006-05-08,-1.0
2006-05-09,-1.0
2006-05-10,-1.0
2006-05-11,-1.0
2006-05-12,-1.0
2006-05-15,-1.0
2006-05-16,-1.0
2006-05-17,-1.0
2006-05-18,-1.0
2006-05-19,-1.0
2006-05-22,-1.0
2006-05-23,-1.0
2006-05-24,-1.0
2006-05-25,-1.0
2006-05-26,-1.0
2006-05-29,-1.0
2006-05-30,-1.0
2006-05-31,-1.0
2006-06-01,-1.0
2006-06-02,-1.0
2006-06-05,-1.0
2006-06-06,-1.0
2006-06-07,-1.0
2006-06-08,-1.0
2006-06-09,-1.0
2006-06-12,-1.0
2006-06-13,-1.0
2006-06-14,-1.0
2006-06-15,-1.0
2006-06-16,-1.0
2006-06-19,-1.0
2006-06-20,-1.0
2006-06-21,-1.0
2006-06-22,-1.0
2006-06-23,-1.0
2006-06-26,-1.0
2006-06-27,-1.0
2006-06-28,-1.0
2006-06-29,-1.0
2006-06-30,-1.0
2006-07-03,-1.0
2006-07-04,-1.0
2006-07-05,-1.0
2006-07-06,-1.0
2006-07-07,-1.0
2006-07-10,-1.0
2006-07-11,-1.0
2006-07-12,-1.0
2006-07-13,-1.0
2006-07-14,-1.0
2006-07-17,-1.0
2006-07-18,-1.0
2006-07-19,-1.0
2006-07-20,-1.0
2006-07-21,-1.0
2006-07-24,-1.0
2006-07-25,-1.0
2006-07-26,-1.0
2006-07-27,-1.0
2006-07-28,-1.0
2006-07-31,-1.0
2006-08-01,-1.0
2006-08-02,-1.0
2006-08-03,-1.0
2006-08-04,-1.0
2006-08-07,-1.0
2006-08-08,-1.0
2006-08-09,-1.0
2006-08-10,-1.0
2006-08-11,-1.0
2006-08-14,-1.0
2006-08-15,-1.0
2006-08-16,-1.0
2006-08-17,-1.0
2006-08-18,-1.0
2006-08-21,-1.0
2006-08-22,-1.0
2006-08-23,-1.0
2006-08-24,-1.0
2006-08-25,-1.0
2006-08-28,-1.0
2006-08-29,-1.0
2006-08-30,-1.0
2006-08-31,-1.0
2006-09-01,-1.0
2006-09-04,-1.0
2006-09-05,-1.0
2006-09-06,-1.0
2006-09-07,-1.0
2006-09-08,-1.0
2006-09-11,-1.0
2006-09-12,-1.0
2006-09-13,-1.0
2006-09-14,-1.0
2006-09-15,-1.0
2006-09-18,-1.0
2006-09-19,-1.0
2006-09-20,-1.0
2006-09-21,-1.0
2006-09-22,-1.0
2006-09-25,-1.0
2006-09-26,-1.0
2006-09-27,-1.0
2006-09-28,-1.0
2006-09-29,-1.0
2006-10-02,-1.0
2006-10-03,-1.0
2006-10-04,-1.0
2006-10-05,-1.0
2006-10-06,-1.0
2006-10-09,-1.0
2006-10-10,-1.0
2006-10-11,-1.0
2006-10-12,-1.0
2006-10-13,-1.0
2006-10-16,-1.0
2006-10-17,-1.0
2006-10-18,-1.0
2006-10-19,-1.0
2006-10-20,-1.0
2006-10-23,-1.0
2006-10-24,-1.0
2006-10-25,-1.0
2006-10-26,-1.0
2006-10-27,-1.0
2006-10-30,-1.0
2006-10-31,-1.0
2006-11-01,-1.0
2006-11-02,-1.0
2006-11-03,-1.0
2006-11-06,-1.0
2006-11-07,-1.0
2006-11-08,-1.0
2006-11-09,-1.0
2006-11-10,-1.0
2006-11-13,-1.0
2006-11-14,-1.0
2006-11-15,-1.0
2006-11-16,-1.0
2006-11-17,-1.0
2006-11-20,-1.0
2006-11-21,-1.0
2006-11-22,-1.0
2006-11-23,-1.0
2006-11-24,-1.0
2006-11-27,-1.0
2006-11-28,-1.0
2006-11-29,-1.0
2006-11-30,-1.0
2006-12-01,-1.0
2006-12-04,-1.0
2006-12-05,-1.0
2006-12-06,-1.0
2006-12-07,-1.0
2006-12-08,-1.0
2006-12-11,-1.0
2006-12-12,-1.0
2006-12-13,-1.0
2006-12-14,-1.0
2006-12-15,-1.0
2006-12-18,-1.0
2006-12-19,-1.0
2006-12-20,-1.0
2006-12-21,-1.0
2006-12-22,-1.0
2006-12-25,-1.0
2006-12-26,-1.0
2006-12-27,-1.0
2006-12-28,-1.0
2006-12-29,-1.0
2007-01-01,-1.0
2007-01-02,-1.0
2007-01-03,-1.0
2007-01-04,-1.0
2007-01-05,-1.0
2007-01-08,-1.0
2007-01-09,-1.0
2007-01-10,-1.0
2007-01-11,-1.0
2007-01-12,-1.0
2007-01-15,-1.0
2007-01-16,-1.0
2007-01-17,-1.0
2007-01-18,-1.0
2007-01-19,-1.0
2007-01-22,-1.0
2007-01-23,-1.0
2007-01-24,-1.0
2007-01-25,-1.0
2007-01-26,-1.0
2007-01-29,-1.0
2007-01-30,-1.0
2007-01-31,-1.0
2007-02-01,-1.0
2007-02-02,-1.0
2007-02-05,-1.0
2007-02-06,-1.0
2007-02-07,-1.0
2007-02-08,-1.0
2007-02-09,-1.0
2007-02-12,-1.0
2007-02-13,-1.0
2007-02-14,-1.0
2007-02-15,-1.0
2007-02-16,-1.0
2007-02-19,-1.0
2007-02-20,-1.0
2007-02-21,-1.0
2007-02-22,-1.0
2007-02-23,-1.0
2007-02-26,-1.0
2007-02-27,-1.0
2007-02-28,-1.0
2007-03-01,-1.0
2007-03-02,-1.0
2007-03-05,-1.0
2007-03-06,-1.0
2007-03-07,-1.0
2007-03-08,-1.0
2007-03-09,-1.0
2007-03-12,-1.0
2007-03-13,-1.0
2007-03-14,-1.0
2007-03-15,-1.0
2007-03-16,-1.0
2007-03-19,-1.0
2007-03-20,-1.0
2007-03-21,-1.0
2007-03-22,-1.0
2007-03-23,-1.0
2007-03-26,-1.0
2007-03-27,-1.0
2007-03-28,-1.0
2007-03-29,-1.0
2007-03-30,-1.0
2007-04-02,-1.0
2007-04-03,-1.0
2007-04-04,-1.0
2007-04-05,-1.0
2007-04-06,-1.0
2007-04-09,-1.0
2007-04-10,-1.0
2007-04-11,-1.0
2007-04-12,-1.0
2007-04-13,-1.0
2007-04-16,-1.0
2007-04-17,-1.0
2007-04-18,-1.0
2007-04-19,-1.0
2007-04-20,-1.0
2007-04-23,-1.0
2007-04-24,-1.0
2007-04-25,-1.0
2007-04-26,-1.0
2007-04-27,-1.0
2007-04-30,-1.0
2007-05-01,-1.0
2007-05-02,-1.0
2007-05-03,-1.0
2007-05-04,-1.0
2007-05-07,-1.0
2007-05-08,-1.0
2007-05-09,-1.0
2007-05-10,-1.0
2007-05-11,-1.0
2007-05-14,-1.0
2007-05-15,-1.0
2007-05-16,-1.0
2007-05-17,-1.0
2007-05-18,-1.0
2007-05-21,-1.0
2007-05-22,-1.0
2007-05-23,-1.0
2007-05-24,-1.0
2007-05-25,-1.0
2007-05-28,-1.0
2007-05-29,-1.0
2007-05-30,-1.0
2007-05-31,-1.0
2007-06-01,-1.0
2007-06-04,-1.0
2007-06-05,-1.0
2007-06-06,-1.0
2007-06-07,-1.0
2007-06-08,-1.0
2007-06-11,-1.0
2007-06-12,-1.0
2007-06-13,-1.0
2007-06-14,-1.0
2007-06-15,-1.0
2007-06-18,-1.0
2007-06-19,-1.0
2007-06-20,-1.0
2007-06-21,-1.0
2007-06-22,-1.0
2007-06-25,-1.0
2007-06-26,-1.0
2007-06-27,-1.0
2007-06-28,-1.0
2007-06-29,-1.0
2007-07-02,-1.0
2007-07-03,-1.0
2007-07-04,-1.0
2007-07-05,-1.0
2007-07-06,-1.0
2007-07-09,-1.0
2007-07-10,-1.0
2007-07-11,-1.0
2007-07-12,-1.0
2007-07-13,-1.0
2007-07-16,-1.0
2007-07-17,-1.0
2007-07-18,-1.0
2007-07-19,-1.0
2007-07-20,-1.0
2007-07-23,-1.0
2007-07-24,-1.0
2007-07-25,-1.0
2007-07-26,-1.0
2007-07-27,-1.0
2007-07-30,-1.0
2007-07-31,-1.0
2007-08-01,-1.0
2007-08-02,-1.0
2007-08-03,-1.0
2007-08-06,-1.0
2007-08-07,-1.0
2007-08-08,-1.0
2007-08-09,-1.0
2007-08-10,-1.0
2007-08-13,-1.0
2007-08-14,-1.0
2007-08-15,-1.0
2007-08-16,-1.0
2007-08-17,-1.0
2007-08-20,-1.0
2007-08-21,-1.0
2007-08-22,-1.0
2007-08-23,-1.0
2007-08-24,-1.0
2007-08-27,-1.0
2007-08-28,-1.0
2007-08-29,-1.0
2007-08-30,-1.0
2007-08-31,-1.0
2007-09-03,-1.0
2007-09-04,-1.0
2007-09-05,-1.0
2007-09-06,-1.0
2007-09-07,-1.0
2007-09-10,-1.0
2007-09-11,-1.0
2007-09-12,-1.0
2007-09-13,-1.0
2007-09-14,-1.0
2007-09-17,-1.0
2007-09-18,-1.0
2007-09-19,-1.0
2007-09-20,-1.0
2007-09-21,-1.0
2007-09-24,-1.0
2007-09-25,-1.0
2007-09-26,-1.0
2007-09-27,-1.0
2007-09-28,-1.0
2007-10-01,-1.0
2007-10-02,-1.0
2007-10-03,-1.0
2007-10-04,-1.0
2007-10-05,-1.0
2007-10-08,-1.0
2007-10-09,-1.0
2007-10-10,-1.0
2007-10-11,-1.0
2007-10-12,-1.0
2007-10-15,-1.0
2007-10-16,-1.0
2007-10-17,-1.0
2007-10-18,-1.0
2007-10-19,-1.0
2007-10-22,-1.0
2007-10-23,-1.0
2007-10-24,-1.0
2007-10-25,-1.0
2007-10-26,-1.0
2007-10-29,-1.0
2007-10-30,-1.0
2007-10-31,-1.0
2007-11-01,-1.0
2007-11-02,-1.0
2007-11-05,-1.0
2007-11-06,-1.0
2007-11-07,-1.0
2007-11-08,-1.0
2007-11-09,-1.0
2007-11-12,-1.0
2007-11-13,-1.0
2007-11-14,-1.0
2007-11-15,-1.0
2007-11-16,-1.0
2007-11-19,-1.0
2007-11-20,-1.0
2007-11-21,-1.0
2007-11-22,-1.0
2007-11-23,-1.0
2007-11-26,-1.0
2007-11-27,-1.0
2007-11-28,-1.0
2007-11-29,-1.0
2007-11-30,-1.0
2007-12-03,-1.0
2007-12-04,-1.0
2007-12-05,-1.0
2007-12-06,-1.0
2007-12-07,-1.0
2007-12-10,-1.0
2007-12-11,-1.0
2007-12-12,-1.0
2007-12-13,-1.0
2007-12-14,-1.0
2007-12-17,-1.0
2007-12-18,-1.0
2007-12-19,-1.0
2007-12-20,-1.0
2007-12-21,-1.0
2007-12-24,-1.0
2007-12-25,-1.0
2007-12-26,-1.0
2007-12-27,-1.0
2007-12-28,-1.0
2007-12-31,-1.0
2008-01-01,-1.0
2008-01-02,-1.0
2008-01-03,-1.0
2008-01-04,-1.0
2008-01-07,-1.0
2008-01-08,-1.0
2008-01-09,-1.0
2008-01-10,-1.0
2008-01-11,-1.0
2008-01-14,-1.0
2008-01-15,-1.0
2008-01-16,-1.0
2008-01-17,-1.0
2008-01-18,-1.0
2008-01-21,-1.0
2008-01-22,-1.0
2008-01-23,-1.0
2008-01-24,-1.0
2008-01-25,-1.0
2008-01-28,-1.0
2008-01-29,-1.0
2008-01-30,-1.0
2008-01-31,-1.0
2008-02-01,-1.0
2008-02-04,-1.0
2008-02-05,-1.0
2008-02-06,-1.0
2008-02-07,-1.0
2008-02-08,-1.0
2008-02-11,-1.0
2008-02-12,-1.0
2008-02-13,-1.0
2008-02-14,-1.0
2008-02-15,-1.0
2008-02-18,-1.0
2008-02-19,-1.0
2008-02-20,-1.0
2008-02-21,-1.0
2008-02-22,-1.0
2008-02-25,-1.0
2008-02-26,-1.0
2008-02-27,-1.0
2008-02-28,-1.0
2008-02-29,-1.0
2008-03-03,-1.0
2008-03-04,-1.0
2008-03-05,-1.0
2008-03-06,-1.0
2008-03-07,-1.0
2008-03-10,-1.0
2008-03-11,-1.0
2008-03-12,-1.0
2008-03-13,-1.0
2008-03-14,-1.0
2008-03-17,-1.0
2008-03-18,-1.0
2008-03-19,-1.0
2008-03-20,-1.0
2008-03-21,-1.0
2008-03-24,-1.0
2008-03-25,-1.0
2008-03-26,-1.0
2008-03-27,-1.0
2008-03-28,-1.0
2008-03-31,-1.0
2008-04-01,-1.0
2008-04-02,-1.0
2008-04-03,-1.0
2008-04-04,-1.0
2008-04-07,-1.0
2008-04-08,-1.0
2008-04-09,-1.0
2008-04-10,-1.0
2008-04-11,-1.0
2008-04-14,-1.0
2008-04-15,-1.0
2008-04-16,-1.0
2008-04-17,-1.0
2008-04-18,-1.0
2008-04-21,-1.0
2008-04-22,-1.0
2008-04-23,-1.0
2008-04-24,-1.0
2008-04-25,-1.0
2008-04-28,-1.0
2008-04-29,-1.0
2008-04-30,-1.0
2008-05-01,-1.0
2008-05-02,-1.0
2008-05-05,-1.0
2008-05-06,-1.0
2008-05-07,-1.0
2008-05-08,-1.0
2008-05-09,-1.0
2008-05-12,-1.0
2008-05-13,-1.0
2008-05-14,-1.0
2008-05-15,-1.0
2008-05-16,-1.0
2008-05-19,-1.0
2008-05-20,-1.0
2008-05-21,-1.0
2008-05-22,-1.0
2008-05-23,-1.0
2008-05-26,-1.0
2008-05-27,-1.0
2008-05-28,-1.0
2008-05-29,-1.0
2008-05-30,-1.0
2008-06-02,-1.0
2008-06-03,-1.0
2008-06-04,-1.0
2008-06-05,-1.0
2008-06-06,-1.0
2008-06-09,-1.0
2008-06-10,-1.0
2008-06-11,-1.0
2008-06-12,-1.0
2008-06-13,-1.0
2008-06-16,-1.0
2008-06-17,-1.0
2008-06-18,-1.0
2008-06-19,-1.0
2008-06-20,-1.0
2008-06-23,-1.0
2008-06-24,-1.0
2008-06-25,-1.0
2008-06-26,-1.0
2008-06-27,-1.0
2008-06-30,-1.0
2008-07-01,-1.0
2008-07-02,-1.0
2008-07-03,-1.0
2008-07-04,-1.0
2008-07-07,-1.0
2008-07-08,-1.0
2008-07-09,-1.0
2008-07-10,-1.0
2008-07-11,-1.0
2008-07-14,-1.0
2008-07-15,-1.0
2008-07-16,-1.0
2008-07-17,-1.0
2008-07-18,-1.0
2008-07-21,-1.0
2008-07-22,-1.0
2008-07-23,-1.0
2008-07-24,-1.0
2008-07-25,-1.0
2008-07-28,-1.0
2008-07-29,-1.0
2008-07-30,-1.0
2008-07-31,-1.0
2008-08-01,-1.0
2008-08-04,-1.0
2008-08-05,-1.0
2008-08-06,-1.0
2008-08-07,-1.0
2008-08-08,-1.0
2008-08-11,-1.0
2008-08-12,-1.0
2008-08-13,-1.0
2008-08-14,-1.0
2008-08-15,-1.0
2008-08-18,-1.0
2008-08-19,-1.0
2008-08-20,-1.0
2008-08-21,-1.0
2008-08-22,-1.0
2008-08-25,-1.0
2008-08-26,-1.0
2008-08-27,-1.0
2008-08-28,-1.0
2008-08-29,-1.0
2008-09-01,-1.0
2008-09-02,-1.0
2008-09-03,-1.0
2008-09-04,-1.0
2008-09-05,-1.0
2008-09-08,-1.0
2008-09-09,-1.0
2008-09-10,-1.0
2008-09-11,-1.0
2008-09-12,-1.0
2008-09-15,-1.0
2008-09-16,-1.0
2008-09-17,-1.0
2008-09-18,-1.0
2008-09-19,-1.0
2008-09-22,-1.0
2008-09-23,-1.0
2008-09-24,-1.0
2008-09-25,-1.0
2008-09-26,-1.0
2008-09-29,-1.0
2008-09-30,-1.0
2008-10-01,-1.0
2008-10-02,-1.0
2008-10-03,-1.0
2008-10-06,-1.0
2008-10-07,-1.0
2008-10-08,-1.0
2008-10-09,-1.0
2008-10-10,-1.0
2008-10-13,-1.0
2008-10-14,-1.0
2008-10-15,-1.0
2008-10-16,-1.0
2008-10-17,-1.0
2008-10-20,-1.0
2008-10-21,-1.0
2008-10-22,-1.0
2008-10-23,-1.0
2008-10-24,-1.0
2008-10-27,-1.0
2008-10-28,-1.0
2008-10-29,-1.0
2008-10-30,-1.0
2008-10-31,-1.0
2008-11-03,-1.0
2008-11-04,-1.0
2008-11-05,-1.0
2008-11-06,-1.0
2008-11-07,-1.0
2008-11-10,-1.0
2008-11-11,-1.0
2008-11-12,-1.0
2008-11-13,-1.0
2008-11-14,-1.0
2008-11-17,-1.0
2008-11-18,-1.0
2008-11-19,-1.0
2008-11-20,-1.0
2008-11-21,-1.0
2008-11-24,-1.0
2008-11-25,-1.0
2008-11-26,-1.0
2008-11-27,-1.0
2008-11-28,-1.0
2008-12-01,-1.0
2008-12-02,-1.0
2008-12-03,-1.0
2008-12-04,-1.0
2008-12-05,-1.0
2008-12-08,-1.0
2008-12-09,-1.0
2008-12-10,-1.0
2008-12-11,-1.0
2008-12-12,-1.0
2008-12-15,-1.0
2008-12-16,-1.0
2008-12-17,-1.0
2008-12-18,-1.0
2008-12-19,-1.0
2008-12-22,-1.0
2008-12-23,-1.0
2008-12-24,-1.0
2008-12-25,-1.0
2008-12-26,-1.0
2008-12-29,-1.0
2008-12-30,-1.0
2008-12-31,-1.0
2009-01-01,-1.0
2009-01-02,-1.0
2009-01-05,-1.0
2009-01-06,-1.0
2009-01-07,-1.0
2009-01-08,-1.0
2009-01-09,-1.0
2009-01-12,-1.0
2009-01-13,-1.0
2009-01-14,-1.0
2009-01-15,-1.0
2009-01-16,-1.0
2009-01-19,-1.0
2009-01-20,-1.0
2009-01-21,-1.0
2009-01-22,-1.0
2009-01-23,-1.0
2009-01-26,-1.0
2009-01-27,-1.0
2009-01-28,-1.0
2009-01-29,-1.0
2009-01-30,-1.0
2009-02-02,-1.0
2009-02-03,-1.0
2009-02-04,-1.0
2009-02-05,-1.0
2009-02-06,-1.0
2009-02-09,-1.0
2009-02-10,-1.0
2009-02-11,-1.0
2009-02-12,-1.0
2009-02-13,-1.0
2009-02-16,-1.0
2009-02-17,-1.0
2009-02-18,-1.0
2009-02-19,-1.0
2009-02-20,-1.0
2009-02-23,-1.0
2009-02-24,-1.0
2009-02-25,-1.0
2009-02-26,-1.0
2009-02-27,-1.0
2009-03-02,-1.0
2009-03-03,-1.0
2009-03-04,-1.0
2009-03-05,-1.0
2009-03-06,-1.0
2009-03-09,-1.0
2009-03-10,-1.0
2009-03-11,-1.0
2009-03-12,-1.0
2009-03-13,-1.0
2009-03-16,-1.0
2009-03-17,-1.0
2009-03-18,-1.0
2009-03-19,-1.0
2009-03-20,-1.0
2009-03-23,-1.0
2009-03-24,-1.0
2009-03-25,-1.0
2009-03-26,-1.0
2009-03-27,-1.0
2009-03-30,-1.0
2009-03-31,-1.0
2009-04-01,-1.0
2009-04-02,-1.0
2009-04-03,-1.0
2009-04-06,-1.0
2009-04-07,-1.0
2009-04-08,-1.0
2009-04-09,-1.0
2009-04-10,-1.0
2009-04-13,-1.0
2009-04-14,-1.0
2009-04-15,-1.0
2009-04-16,-1.0
2009-04-17,-1.0
2009-04-20,-1.0
2009-04-21,-1.0
2009-04-22,-1.0
2009-04-23,-1.0
2009-04-24,-1.0
2009-04-27,-1.0
2009-04-28,-1.0
2009-04-29,-1.0
2009-04-30,-1.0
2009-05-01,-1.0
2009-05-04,-1.0
2009-05-05,-1.0
2009-05-06,-1.0
2009-05-07,-1.0
2009-05-08,-1.0
2009-05-11,-1.0
2009-05-12,-1.0
2009-05-13,-1.0
2009-05-14,-1.0
2009-05-15,-1.0
2009-05-18,-1.0
2009-05-19,-1.0
2009-05-20,-1.0
2009-05-21,-1.0
2009-05-22,-1.0
2009-05-25,-1.0
2009-05-26,-1.0
2009-05-27,-1.0
2009-05-28,-1.0
2009-05-29,-1.0
2009-06-01,-1.0
2009-06-02,-1.0
2009-06-03,-1.0
2009-06-04,-1.0
2009-06-05,-1.0
2009-06-08,-1.0
2009-06-09,-1.0
2009-06-10,-1.0
2009-06-11,-1.0
2009-06-12,-1.0
2009-06-15,-1.0
2009-06-16,-1.0
2009-06-17,-1.0
2009-06-18,-1.0
2009-06-19,-1.0
2009-06-22,-1.0
2009-06-23,-1.0
2009-06-24,-1.0
2009-06-25,-1.0
2009-06-26,-1.0
2009-06-29,-1.0
2009-06-30,-1.0
2009-07-01,-1.0
2009-07-02,-1.0
2009-07-03,-1.0
2009-07-06,-1.0
2009-07-07,-1.0
2009-07-08,-1.0
2009-07-09,-1.0
2009-07-10,-1.0
2009-07-13,-1.0
2009-07-14,-1.0
2009-07-15,-1.0
2009-07-16,-1.0
2009-07-17,-1.0
2009-07-20,-1.0
2009-07-21,-1.0
2009-07-22,-1.0
2009-07-23,-1.0
2009-07-24,-1.0
2009-07-27,-1.0
2009-07-28,-1.0
2009-07-29,-1.0
2009-07-30,-1.0
2009-07-31,-1.0
2009-08-03,-1.0
2009-08-04,-1.0
2009-08-05,-1.0
2009-08-06,-1.0
2009-08-07,-1.0
2009-08-10,-1.0
2009-08-11,-1.0
2009-08-12,-1.0
2009-08-13,-1.0
2009-08-14,-1.0
2009-08-17,-1.0
2009-08-18,-1.0
2009-08-19,-1.0
2009-08-20,-1.0
2009-08-21,-1.0
2009-08-24,-1.0
2009-08-25,-1.0
2009-08-26,-1.0
2009-08-27,-1.0
2009-08-28,-1.0
2009-08-31,-1.0
2009-09-01,-1.0
2009-09-02,-1.0
2009-09-03,-1.0
2009-09-04,-1.0
2009-09-07,-1.0
2009-09-08,-1.0
2009-09-09,-1.0
2009-09-10,-1.0
2009-09-11,-1.0
2009-09-14,-1.0
2009-09-15,-1.0
2009-09-16,-1.0
2009-09-17,-1.0
2009-09-18,-1.0
2009-09-21,-1.0
2009-09-22,-1.0
2009-09-23,-1.0
2009-09-24,-1.0
2009-09-25,-1.0
2009-09-28,-1.0
2009-09-29,-1.0
2009-09-30,-1.0
2009-10-01,-1.0
2009-10-02,-1.0
2009-10-05,-1.0
2009-10-06,-1.0
2009-10-07,-1.0
2009-10-08,-1.0
2009-10-09,-1.0
2009-10-12,-1.0
2009-10-13,-1.0
2009-10-14,-1.0
2009-10-15,-1.0
2009-10-16,-1.0
2009-10-19,-1.0
2009-10-20,-1.0
2009-10-21,-1.0
2009-10-22,-1.0
2009-10-23,-1.0
2009-10-26,-1.0
2009-10-27,-1.0
2009-10-28,-1.0
2009-10-29,-1.0
2009-10-30,-1.0
2009-11-02,-1.0
2009-11-03,-1.0
2009-11-04,-1.0
2009-11-05,-1.0
2009-11-06,-1.0
2009-11-09,-1.0
2009-11-10,-1.0
2009-11-11,-1.0
2009-11-12,-1.0
2009-11-13,-1.0
2009-11-16,-1.0
2009-11-17,-1.0
2009-11-18,-1.0
2009-11-19,-1.0
2009-11-20,-1.0
2009-11-23,-1.0
2009-11-24,-1.0
2009-11-25,-1.0
2009-11-26,-1.0
2009-11-27,-1.0
2009-11-30,-1.0
2009-12-01,-1.0
2009-12-02,-1.0
2009-12-03,-1.0
2009-12-04,-1.0
2009-12-07,-1.0
2009-12-08,-1.0
2009-12-09,-1.0
2009-12-10,-1.0
2009-12-11,-1.0
2009-12-14,-1.0
2009-12-15,-1.0
2009-12-16,-1.0
2009-12-17,-1.0
2009-12-18,-1.0
2009-12-21,-1.0
2009-12-22,-1.0
2009-12-23,-1.0
2009-12-24,-1.0
2009-12-25,-1.0
2009-12-28,-1.0
2009-12-29,-1.0
2009-12-30,-1.0
2009-12-31,-1.0
2010-01-01,-1.0
2010-01-04,-1.0
2010-01-05,-1.0
2010-01-06,-1.0
2010-01-07,-1.0
2010-01-08,-1.0
2010-01-11,-1.0
2010-01-12,-1.0
2010-01-13,-1.0
2010-01-14,-1.0
2010-01-15,-1.0
2010-01-18,-1.0
2010-01-19,-1.0
2010-01-20,-1.0
2010-01-21,-1.0
2010-01-22,-1.0
2010-01-25,-1.0
2010-01-26,-1.0
2010-01-27,-1.0
2010-01-28,-1.0
2010-01-29,-1.0
2010-02-01,-1.0
2010-02-02,-1.0
2010-02-03,-1.0
2010-02-04,-1.0
2010-02-05,-1.0
2010-02-08,-1.0
2010-02-09,-1.0
2010-02-10,-1.0
2010-02-11,-1.0
2010-02-12,-1.0
2010-02-15,-1.0
2010-02-16,-1.0
2010-02-17,-1.0
2010-02-18,-1.0
2010-02-19,-1.0
2010-02-22,-1.0
2010-02-23,-1.0
2010-02-24,-1.0
2010-02-25,-1.0
2010-02-26,-1.0
2010-03-01,-1.0
2010-03-02,-1.0
2010-03-03,-1.0
2010-03-04,-1.0
2010-03-05,-1.0
2010-03-08,-1.0
2010-03-09,-1.0
2010-03-10,-1.0
2010-03-11,-1.0
2010-03-12,-1.0
2010-03-15,-1.0
2010-03-16,-1.0
2010-03-17,-1.0
2010-03-18,-1.0
2010-03-19,-1.0
2010-03-22,-1.0
2010-03-23,-1.0
2010-03-24,-1.0
2010-03-25,-1.0
2010-03-26,-1.0
2010-03-29,-1.0
2010-03-30,-1.0
2010-03-31,-1.0
2010-04-01,-1.0
2010-04-02,-1.0
2010-04-05,-1.0
2010-04-06,-1.0
2010-04-07,-1.0
2010-04-08,-1.0
2010-04-09,-1.0
2010-04-12,-1.0
2010-04-13,-1.0
2010-04-14,-1.0
2010-04-15,-1.0
2010-04-16,-1.0
2010-04-19,-1.0
2010-04-20,-1.0
2010-04-21,-1.0
2010-04-22,-1.0
2010-04-23,-1.0
2010-04-26,-1.0
2010-04-27,-1.0
2010-04-28,-1.0
2010-04-29,-1.0
2010-04-30,-1.0
2010-05-03,-1.0
2010-05-04,-1.0
2010-05-05,-1.0
2010-05-06,-1.0
2010-05-07,-1.0
2010-05-10,-1.0
2010-05-11,-1.0
2010-05-12,-1.0
2010-05-13,-1.0
2010-05-14,-1.0
2010-05-17,-1.0
2010-05-18,-1.0
2010-05-19,-1.0
2010-05-20,-1.0
2010-05-21,-1.0
2010-05-24,-1.0
2010-05-25,-1.0
2010-05-26,-1.0
2010-05-27,-1.0
2010-05-28,-1.0
2010-05-31,-1.0
2010-06-01,-1.0
2010-06-02,-1.0
2010-06-03,-1.0
2010-06-04,-1.0
2010-06-07,-1.0
2010-06-08,-1.0
2010-06-09,-1.0
2010-06-10,-1.0
2010-06-11,-1.0
2010-06-14,-1.0
2010-06-15,-1.0
2010-06-16,-1.0
2010-06-17,-1.0
2010-06-18,-1.0
2010-06-21,-1.0
2010-06-22,-1.0
2010-06-23,-1.0
2010-06-24,-1.0
2010-06-25,-1.0
2010-06-28,-1.0
2010-06-29,-1.0
2010-06-30,-1.0
2010-07-01,-1.0
2010-07-02,-1.0
2010-07-05,-1.0
2010-07-06,-1.0
2010-07-07,-1.0
2010-07-08,-1.0
2010-07-09,-1.0
2010-07-12,-1.0
2010-07-13,-1.0
2010-07-14,-1.0
2010-07-15,-1.0
2010-07-16,-1.0
2010-07-19,-1.0
2010-07-20,-1.0
2010-07-21,-1.0
2010-07-22,-1.0
2010-07-23,-1.0
2010-07-26,-1.0
2010-07-27,-1.0
2010-07-28,-1.0
2010-07-29,-1.0
2010-07-30,-1.0
2010-08-02,-1.0
2010-08-03,-1.0
2010-08-04,-1.0
2010-08-05,-1.0
2010-08-06,-1.0
2010-08-09,-1.0
2010-08-10,-1.0
2010-08-11,-1.0
2010-08-12,-1.0
2010-08-13,-1.0
2010-08-16,-1.0
2010-08-17,-1.0
2010-08-18,-1.0
2010-08-19,-1.0
2010-08-20,-1.0
2010-08-23,-1.0
2010-08-24,-1.0
2010-08-25,-1.0
2010-08-26,-1.0
2010-08-27,-1.0
2010-08-30,-1.0
2010-08-31,-1.0
2010-09-01,-1.0
2010-09-02,-1.0
2010-09-03,-1.0
2010-09-06,-1.0
2010-09-07,-1.0
2010-09-08,-1.0
2010-09-09,-1.0
2010-09-10,-1.0
2010-09-13,-1.0
2010-09-14,-1.0
2010-09-15,-1.0
2010-09-16,-1.0
2010-09-17,-1.0
2010-09-20,-1.0
2010-09-21,-1.0
2010-09-22,-1.0
2010-09-23,-1.0
2010-09-24,-1.0
2010-09-27,-1.0
2010-09-28,-1.0
2010-09-29,-1.0
2010-09-30,-1.0
2010-10-01,-1.0
2010-10-04,-1.0
2010-10-05,-1.0
2010-10-06,-1.0
2010-10-07,-1.0
2010-10-08,-1.0
2010-10-11,-1.0
2010-10-12,-1.0
2010-10-13,-1.0
2010-10-14,-1.0
2010-10-15,-1.0
2010-10-18,-1.0
2010-10-19,-1.0
2010-10-20,-1.0
2010-10-21,-1.0
2010-10-22,-1.0
2010-10-25,-1.0
2010-10-26,-1.0
2010-10-27,-1.0
2010-10-28,-1.0
2010-10-29,-1.0
2010-11-01,-1.0
2010-11-02,-1.0
2010-11-03,-1.0
2010-11-04,-1.0
2010-11-05,-1.0
2010-11-08,-1.0
2010-11-09,-1.0
2010-11-10,-1.0
2010-11-11,-1.0
2010-11-12,-1.0
2010-11-15,-1.0
2010-11-16,-1.0
2010-11-17,-1.0
2010-11-18,-1.0
2010-11-19,-1.0
2010-11-22,-1.0
2010-11-23,-1.0
2010-11-24,-1.0
2010-11-25,-1.0
2010-11-26,-1.0
2010-11-29,-1.0
2010-11-30,-1.0
2010-12-01,-1.0
2010-12-02,-1.0
2010-12-03,-1.0
2010-12-06,-1.0
2010-12-07,-1.0
2010-12-08,-1.0
2010-12-09,-1.0
2010-12-10,-1.0
2010-12-13,-1.0
2010-12-14,-1.0
2010-12-15,-1.0
2010-12-16,-1.0
2010-12-17,-1.0
2010-12-20,-1.0
2010-12-21,-1.0
2010-12-22,-1.0
2010-12-23,-1.0
2010-12-24,-1.0
2010-12-27,-1.0
2010-12-28,-1.0
2010-12-29,-1.0
2010-12-30,-1.0
2010-12-31,-1.0
2017-04-27,23.73
2017-04-28,23.63
2017-05-02,23.66
2017-05-03,23.65
2017-05-04,23.77
2017-05-05,23.59
2017-05-08,23.66
2017-05-09,23.67
2017-05-10,23.89
2017-05-11,23.93
2017-05-12,23.88
2017-05-15,23.99
2017-05-16,24.16
2017-05-17,25.23
2017-05-18,24.91
2017-05-19,24.91
2017-05-22,24.94
2017-05-23,24.8
2017-05-24,24.73
2017-05-25,24.88
2017-05-26,24.32
2017-05-29,24.31
2017-05-30,24.36
2017-05-31,24.35
2017-06-01,24.34
2017-06-02,24.43
2017-06-05,24.45
2017-06-06,24.35
2017-06-07,24.48
2017-06-08,24.43
2017-06-09,24.38
2017-06-12,24.25
2017-06-13,24.27
2017-06-14,24.29
2017-06-15,24.19
2017-06-16,24.0
2017-06-19,24.37
2017-06-20,24.36
2017-06-21,24.31
2017-06-22,24.49
2017-06-23,24.37
2017-06-27,24.21
2017-06-28,24.15
2017-06-29,24.19
2017-06-30,24.23
2017-07-03,24.47
2017-07-04,24.47
2017-07-05,24.53
2017-07-06,24.62
2017-07-07,24.6
2017-07-10,24.87
2017-07-11,24.91
2017-07-12,24.98
2017-07-13,25.17
2017-07-14,25.12
2017-07-15,25.12
2017-07-16,25.12
2017-07-17,25.17
2017-07-18,25.1
2017-07-19,25.28
2017-07-20,25.22
2017-07-21,25.32
2017-07-22,25.32
2017-07-23,25.32
2017-07-24,25.45
2017-07-25,25.45
2017-07-26,25.57
2017-07-27,25.56
2017-07-28,25.56
2017-07-29,25.56
2017-07-30,25.56
2017-07-31,25.69
2017-08-01,25.75
2017-08-02,25.63
2017-08-03,25.5
2017-08-04,25.61
2017-08-05,25.61
2017-08-06,25.61
2017-08-07,25.67
2017-08-08,25.5
2017-08-09,25.31
2017-08-10,25.06
2017-08-11,24.8
2017-08-12,24.8
2017-08-13,24.8
2017-08-14,25.02
2017-08-15,25.02
2017-08-16,25.28
2017-08-17,25.3
2017-08-18,25.1
2017-08-19,25.1
2017-08-20,25.1
2017-08-21,24.99
2017-08-22,25.25
2017-08-23,25.45
2017-08-24,25.47
2017-08-25,25.47
2017-08-26,25.47
2017-08-27,25.47
2017-08-28,25.61
2017-08-29,25.31
2017-08-30,25.54
2017-08-31,25.62
2017-09-01,25.99
2017-09-02,25.99
2017-09-03,25.99
2017-09-04,25.83
2017-09-05,25.97
2017-09-06,25.88
2017-09-07,25.89
2017-09-08,25.9
2017-09-09,25.9
2017-09-10,25.9
2017-09-11,26.11
2017-09-12,26.26
2017-09-13,26.23
2017-09-14,26.25
2017-09-15,26.24
2017-09-16,26.24
2017-09-17,26.24
2017-09-18,26.42
2017-09-19,26.4
2017-09-20,26.39
2017-09-21,26.34
2017-09-22,25.95
2017-09-23,25.95
2017-09-24,25.95
2017-09-25,25.71
2017-09-26,25.71
2017-09-27,25.36
2017-09-28,25.44
2017-09-29,25.43
2017-09-30,25.43
2017-10-01,25.43
2017-10-02,25.43
2017-10-03,25.61
2017-10-04,25.75
2017-10-05,25.69
2017-10-06,25.92
2017-10-07,25.92
2017-10-08,25.92
2017-10-09,25.95
2017-10-10,26.02
2017-10-11,25.94
2017-10-12,26.22
2017-10-13,26.41
2017-10-14,26.41
2017-10-15,26.41
2017-10-16,26.55
2017-10-17,26.52
2017-10-18,26.44
2017-10-19,26.28
2017-10-20,26.28
2017-10-21,26.28
2017-10-22,26.28
2017-10-23,26.37
2017-10-24,26.42
2017-10-25,26.63
2017-10-26,26.73
2017-10-27,26.67
2017-10-28,26.67
2017-10-29,26.67
2017-10-30,26.77
2017-10-31,26.38
2017-11-01,26.49
2017-11-02,26.63
2017-11-03,26.87
2017-11-04,26.87
2017-11-05,26.87
2017-11-06,26.74
2017-11-07,26.48
2017-11-08,26.37
2017-11-09,26.31
2017-11-10,26.35
2017-11-11,26.35
2017-11-12,26.35
2017-11-13,25.99
2017-11-14,25.89
2017-11-15,25.72
2017-11-16,25.96
2017-11-17,26.14
2017-11-18,26.14
2017-11-19,26.14
2017-11-20,26.18
2017-11-21,26.2
2017-11-22,26.4
2017-11-23,26.48
2017-11-24,26.59
2017-11-25,26.59
2017-11-26,26.59
2017-11-27,26.61
2017-11-28,26.53
2017-11-29,26.51
2017-11-30,26.16
2017-12-01,25.9
2017-12-02,25.9
2017-12-03,25.9
2017-12-04,25.91
2017-12-05,25.89
2017-12-06,25.7
2017-12-07,26.01
2017-12-08,26.26
2017-12-09,26.26
2017-12-10,26.26
2017-12-11,26.43
2017-12-12,26.22
2017-12-13,26.1
2017-12-14,26.25
2017-12-15,26.46
2017-12-16,26.46
2017-12-17,26.46
2017-12-18,26.6
2017-12-19,26.79
2017-12-20,26.75
2017-12-21,26.74
2017-12-22,26.86
2017-12-23,26.86
2017-12-24,26.86
2017-12-25,26.86
2017-12-26,26.96
2017-12-27,26.85
2017-12-28,26.82
2017-12-29,26.92
2017-12-30,26.92
2017-12-31,26.92
2018-01-01,26.68
2018-01-02,26.7
2018-01-03,26.7
2018-01-04,26.86
2018-01-05,26.99
2018-01-06,26.99
2018-01-07,26.99
2018-01-08,27.16
2018-01-09,27.19
2018-01-10,27.18
2018-01-11,27.23
2018-01-12,27.28
2018-01-13,27.28
2018-01-14,27.28
2018-01-15,27.06
2018-01-16,26.96
2018-01-17,27.18
2018-01-18,27.25
2018-01-19,27.44
2018-01-20,27.44
2018-01-21,27.44
2018-01-22,27.62
2018-01-23,27.81
2018-01-24,27.66
2018-01-25,27.61
2018-01-26,27.61
2018-01-27,27.61
2018-01-28,27.61
2018-01-29,27.71
2018-01-30,27.51
2018-01-31,27.5
2018-02-01,27.48
2018-02-02,26.04
2018-02-03,26.04
2018-02-04,26.04
2018-02-05,25.78
2018-02-06,25.37
2018-02-07,25.32
2018-02-08,25.56
2018-02-09,25.27
2018-02-10,25.27
2018-02-11,25.27
2018-02-12,25.48
2018-02-13,25.48
2018-02-14,25.37
2018-02-15,25.45
2018-02-16,25.32
2018-02-17,25.32
2018-02-18,25.32
2018-02-19,25.14
2018-02-20,25.09
2018-02-21,25.18
2018-02-22,25.49
2018-02-23,25.75
2018-02-24,25.75
2018-02-25,25.75
2018-02-26,25.95
2018-02-27,25.87
2018-02-28,25.68
2018-03-01,25.59
2018-03-02,25.59
2018-03-03,25.59
2018-03-04,25.59
2018-03-05,25.4
2018-03-06,25.02
2018-03-07,24.79
2018-03-08,25.0
2018-03-09,24.97
2018-03-10,24.97
2018-03-11,24.97
2018-03-12,25.44
2018-03-13,25.45
2018-03-14,25.41
2018-03-15,25.28
2018-03-16,24.87
2018-03-17,24.87
2018-03-18,24.87
2018-03-19,24.61
2018-03-20,24.69
2018-03-21,24.76
2018-03-22,24.67
2018-03-23,24.38
2018-03-24,24.38
2018-03-25,24.38
2018-03-26,24.7
2018-03-27,24.83
2018-03-28,24.66
2018-03-29,24.66
2018-03-30,24.66
2018-03-31,24.66
2018-04-01,24.66
2018-04-02,25.35
2018-04-03,25.43
2018-04-04,25.14
2018-04-05,25.63
2018-04-06,25.65
2018-04-07,25.65
2018-04-08,25.65
2018-04-09,25.76
2018-04-10,25.82
2018-04-11,25.86
2018-04-12,25.96
2018-04-13,26.01
2018-04-14,26.01
2018-04-15,26.01
2018-04-16,26.13
2018-04-17,26.18
2018-04-18,26.13
2018-04-19,26.23
2018-04-20,26.22
2018-04-21,26.22
2018-04-22,26.22
2018-04-23,26.27
2018-04-24,26.35
2018-04-25,26.24
2018-04-26,26.36
2018-04-27,26.54
2018-04-28,26.54
2018-04-29,26.54
2018-04-30,26.66
2018-05-01,26.66
2018-05-02,26.6
2018-05-03,26.51
2018-05-04,26.36
2018-05-05,26.36
2018-05-06,26.36
2018-05-07,26.6
2018-05-08,26.6
2018-05-09,26.66
2018-05-10,26.6
2018-05-11,26.82
2018-05-12,26.82
2018-05-13,26.82
2018-05-14,26.82
2018-05-15,26.81
2018-05-16,26.66
2018-05-17,26.52
2018-05-18,26.27
2018-05-19,26.27
2018-05-20,26.27
2018-05-21,26.08
2018-05-22,26.13
2018-05-23,25.86
2018-05-24,26.07
2018-05-25,26.24
2018-05-26,26.24
2018-05-27,26.24
2018-05-28,27.23
2018-05-29,27.06
2018-05-30,27.01
2018-05-31,27.19
2018-06-01,27.09
2018-06-02,27.09
2018-06-03,27.09
2018-06-04,26.92
2018-06-05,26.83
2018-06-06,27.06
2018-06-07,27.27
2018-06-08,27.27
2018-06-09,27.27
2018-06-10,27.27
2018-06-11,27.47
2018-06-12,27.6
2018-06-13,27.54
2018-06-14,27.42
2018-06-15,27.44
2018-06-16,27.44
2018-06-17,27.44
2018-06-18,26.6
2018-06-19,26.38
2018-06-20,26.52
2018-06-21,26.43
2018-06-22,26.63
2018-06-23,26.63
2018-06-24,26.63
2018-06-25,26.48
2018-06-26,26.02
2018-06-27,25.73
2018-06-28,25.57
2018-06-29,25.9
2018-06-30,25.9
2018-07-01,25.9
2018-07-02,25.76
2018-07-03,25.85
2018-07-04,26.02
2018-07-05,26.69
2018-07-06,26.62
2018-07-07,26.62
2018-07-08,26.62
2018-07-09,26.82
2018-07-10,27.05
2018-07-11,27.2
2018-07-12,27.39
2018-07-13,27.38
2018-07-14,27.38
2018-07-15,27.38
2018-07-16,27.17
2018-07-17,27.35
2018-07-18,27.28
2018-07-19,27.22
2018-07-20,27.36
2018-07-21,27.36
2018-07-22,27.36
2021-10-04,27.09
2021-10-05,27.29
2021-10-06,27.02
2021-10-07,27.24
2021-10-08,27.4
2021-10-09,27.4
2021-10-10,27.4
2021-10-11,27.48
2021-10-12,27.49
2021-10-13,27.75
2021-10-14,28.02
2021-10-15,28.02
2021-10-16,28.02
2021-10-17,28.02
2021-10-18,28.17
2021-10-19,27.97
2021-10-20,27.72
2021-10-21,27.58
2021-10-22,27.48
2021-10-23,27.48
2021-10-24,27.48
2021-10-25,27.29
2021-10-26,27.16
2021-10-27,27.06
2021-10-28,26.39
2021-10-29,25.71
2021-10-30,25.71
2021-10-31,25.71
2021-11-01,26.07
2021-11-02,25.95
2021-11-03,25.98
2021-11-04,26.11
2021-11-05,26.11
2021-11-06,26.11
2021-11-07,26.11
2021-11-08,26.25
2021-11-09,26.06
2021-11-10,26.03
2021-11-11,25.65
2021-11-12,25.98
2021-11-13,25.98
2021-11-14,25.98
2021-11-15,26.0
2021-11-16,24.83
2021-11-17,24.69
2021-11-18,24.51
2021-11-19,24.51
2021-11-20,24.51
2021-11-21,24.51
2021-11-22,24.03
2021-11-23,24.15
2021-11-24,24.03
2021-11-25,24.19
2021-11-26,23.49
2021-11-27,23.49
2021-11-28,23.49
2021-11-29,23.53
2021-11-30,23.43
2021-12-01,23.68
2021-12-02,24.01
2021-12-03,23.73
2021-12-04,23.73
2021-12-05,23.73
2021-12-06,23.33
2021-12-07,23.69
2021-12-08,24.1
2021-12-09,24.16
2021-12-10,24.15
2021-12-11,24.15
2021-12-12,24.15
2021-12-13,23.96
2021-12-14,23.9
2021-12-15,23.75
2021-12-16,23.79
2021-12-17,23.43
2021-12-18,23.43
2021-12-19,23.43
2021-12-20,22.92
2021-12-21,23.13
2021-12-22,23.39
2021-12-23,23.55
2021-12-24,23.45
2021-12-25,23.45
2021-12-26,23.45
2021-12-27,23.57
2021-12-28,23.77
2021-12-29,23.74
2021-12-30,23.73
2021-12-31,24.11
2022-01-01,24.11
2022-01-02,24.11
2022-01-03,24.49
2022-01-04,24.74
2022-01-05,24.91
2022-01-06,24.66
2022-01-07,24.75
2022-01-08,24.75
2022-01-09,24.75
2022-01-10,25.01
2022-01-11,25.09
2022-01-12,25.3
2022-01-13,25.37
2022-01-14,25.3
2022-01-15,25.3
2022-01-16,25.3
2022-01-17,25.37
2022-01-18,25.0
2022-01-19,24.76
2022-01-20,24.47
2022-01-21,24.29
2022-01-22,24.29
2022-01-23,24.29
2022-01-24,23.63
2022-01-25,23.47
2022-01-26,23.47
2022-01-27,23.09
2022-01-28,23.1
2022-01-29,23.1
2022-01-30,23.1
2022-01-31,23.42
2022-02-01,23.62
2022-02-02,23.95
2022-02-03,23.65
2022-02-04,23.56
2022-02-05,23.56
2022-02-06,23.56
2022-02-07,23.11
2022-02-08,22.83
2022-02-09,23.09
2022-02-10,22.98
2022-02-11,22.68
2022-02-12,22.68
2022-02-13,22.68
2022-02-14,21.85
2022-02-15,22.36
2022-02-16,22.27
2022-02-17,22.25
2022-02-18,22.21
2022-02-19,22.21
2022-02-20,22.21
2022-02-21,22.12
2022-02-22,21.97
2022-02-23,21.94
2022-02-24,20.89
2022-02-25,21.42
2022-02-26,21.42
2022-02-27,21.42
2022-02-28,21.59
2022-03-01,21.59
2022-03-02,21.35
2022-03-03,21.21
2022-03-04,20.89
2022-03-05,20.89
2022-03-06,20.89
2022-03-07,20.39
2022-03-08,20.59
2022-03-09,21.01
2022-03-10,21.34
2022-03-11,21.38
2022-03-12,21.38
2022-03-13,21.38
2022-03-14,21.69
2022-03-15,21.42
2022-03-16,21.82
2022-03-17,22.23
2022-03-18,22.23
2022-03-19,22.23
2022-03-20,22.23
2022-03-21,22.01
2022-03-22,22.26
2022-03-23,22.17
2022-03-24,22.14
2022-03-25,22.05
2022-03-26,22.05
2022-03-27,22.05
2022-03-28,22.14
2022-03-29,22.27
2022-03-30,22.5
2022-03-31,22.92
2022-04-01,23.19
2022-04-02,23.19
2022-04-03,23.19
2022-04-04,23.69
2022-04-05,23.57
2022-04-06,23.37
2022-04-07,23.15
2022-04-08,23.34
2022-04-09,23.34
2022-04-10,23.34
2022-04-11,23.2
2022-04-12,23.01
2022-04-13,22.92
2022-04-14,22.92
2022-04-15,22.92
2022-04-16,22.92
2022-04-17,22.92
2022-04-18,22.53
2022-04-19,22.1
2022-04-20,22.33
2022-04-21,22.67
2022-04-22,22.38
2022-04-23,22.38
2022-04-24,22.38
2022-04-25,22.03
2022-04-26,22.17
2022-04-27,21.96
2022-04-28,22.2
2022-04-29,22.01
2022-04-30,22.01
2022-05-01,22.01
2022-05-02,21.87
2022-05-03,21.87
2022-05-04,21.31
2022-05-05,21.24
2022-05-06,20.89
2022-05-07,20.89
2022-05-08,20.89
2022-05-09,20.75
2022-05-10,20.42
2022-05-11,20.32
2022-05-12,19.87
2022-05-13,19.83
2022-05-14,19.83
2022-05-15,19.83
2022-05-16,19.72
2022-05-17,20.12
2022-05-18,20.09
2022-05-19,19.51
2022-05-20,20.05
2022-05-21,20.05
2022-05-22,20.05
2022-05-23,20.01
2022-05-24,19.87
2022-05-25,19.74
2022-05-26,19.88
2022-05-27,20.27
2022-05-28,20.27
2022-05-29,20.27
2022-05-30,20.65
2022-05-31,20.44
2022-06-01,20.45
2022-06-02,20.58
2022-06-03,20.52
2022-06-04,20.52
2022-06-05,20.52
2022-06-06,20.5
2022-06-07,20.31
2022-06-08,20.24
2022-06-09,20.39
2022-06-10,20.05
2022-06-11,20.05
2022-06-12,20.05
2022-06-13,20.05
2022-06-14,20.05
2023-03-03,20.73
2023-03-04,20.73
2023-03-05,20.73
2023-03-06,20.87
2023-03-07,20.87
2023-03-08,20.92
2023-03-09,20.73
2023-03-10,20.52
2023-03-11,20.52
2023-03-12,20.52
2023-03-13,20.21
2023-03-14,20.08
2023-03-15,20.0
2023-03-16,20.01
2023-03-17,20.15
2023-03-18,20.15
2023-03-19,20.15
2023-03-20,20.02
2023-03-21,20.16
2023-03-22,20.21
2023-03-23,20.12
2023-03-24,19.97
2023-03-25,19.97
2023-03-26,19.97
2023-03-27,20.01
2023-03-28,19.97
2023-03-29,20.13
2023-03-30,20.13
2023-03-31,20.44
2023-04-01,20.44
2023-04-02,20.44
2023-04-03,20.48
2023-04-04,20.48
2023-04-05,20.67
2023-04-06,20.72
2023-04-07,20.72
2023-04-08,20.72
2023-04-09,20.72
2023-04-10,20.75
2023-04-11,20.86
2023-04-12,20.97
2023-04-13,20.99
2023-04-14,20.99
2023-04-15,20.99
2023-04-16,20.99
2023-04-17,20.82
2023-04-18,20.65
2023-04-19,20.6
2023-04-20,20.61
2023-04-21,20.61
2023-04-22,20.61
2023-04-23,20.61
2023-04-24,20.74
2023-04-25,20.56
2023-04-26,20.59
2023-04-27,20.7
2023-04-28,20.87
2023-04-29,20.87
2023-04-30,20.87
2023-05-01,20.87
2023-05-02,20.92
2023-05-03,21.33
2023-05-04,21.85
2023-05-05,21.62
2023-05-06,21.62
2023-05-07,21.62
2023-05-08,21.77
2023-05-09,21.77
2023-05-10,21.88
2023-05-11,21.86
2023-05-12,21.82
2023-05-13,21.82
2023-05-14,21.82
2023-05-15,21.92
2023-05-16,21.59
2023-05-17,21.47
2023-05-18,21.39
2023-05-19,21.48
2023-05-20,21.48
2023-05-21,21.48
2023-05-22,21.36
2023-05-23,21.41
2023-05-24,21.24
2023-05-25,21.28
2023-05-26,21.54
2023-05-27,21.54
2023-05-28,21.54
2023-05-29,21.65
2023-05-30,21.7
2023-05-31,21.59
2023-06-01,21.53
2023-06-02,21.58
2023-06-03,21.58
2023-06-04,21.58
2023-06-05,21.65
2023-06-06,21.66
2023-06-07,21.81
2023-06-08,21.7
2023-06-09,21.62
2023-06-10,21.62
2023-06-11,21.62
2023-06-12,21.66
2023-06-13,21.79
2023-06-14,21.84
2023-06-15,21.76
2023-06-16,21.92
2023-06-17,21.92
2023-06-18,21.92
2023-06-19,21.84
2023-06-20,21.91
2023-06-21,21.96
2023-06-22,21.85
2023-06-23,21.73
2023-06-24,21.73
2023-06-25,21.73
2023-06-26,21.76
2023-06-27,21.9
2023-06-28,22.08
2023-06-29,22.08
2023-06-30,22.36
2023-07-01,22.36
2023-07-02,22.36
2023-07-03,22.51
2023-07-04,22.59
2023-07-05,22.6
2023-07-06,22.72
2023-07-07,22.52
2023-07-08,22.52
2023-07-09,22.52
2023-07-10,22.55
2023-07-11,22.65
2023-07-12,22.58
2023-07-13,23.81
2023-07-14,23.96
2023-07-15,23.96
2023-07-16,23.96
2023-07-17,24.14
2023-07-18,24.18
2023-07-19,24.09
2023-07-20,24.24
2023-07-21,23.95
2023-07-22,23.95
2023-07-23,23.95
2023-07-24,23.83
2023-07-25,23.55
2023-07-26,23.97
2023-07-27,23.83
2023-07-28,22.91
2023-07-29,22.91
2023-07-30,22.91
2023-07-31,23.01
2023-08-01,22.96
2023-08-02,22.72
2023-08-03,22.55
2023-08-04,22.71
2023-08-05,22.71
2023-08-06,22.71
2023-08-07,22.83
2023-08-08,22.73
2023-08-09,22.81
2023-08-10,22.77
2023-08-11,22.63
2023-08-12,22.63
2023-08-13,22.63
2023-08-14,22.64
2023-08-15,22.64
2023-08-16,22.52
2023-08-17,22.39
2023-08-18,22.32
2023-08-19,22.32
2023-08-20,22.32
2023-08-21,22.42
2023-08-22,22.13
2023-08-23,22.19
2023-08-24,22.12
2023-08-25,21.98
2023-08-26,21.98
2023-08-27,21.98
2023-08-28,22.03
2023-08-29,22.07
2023-08-30,22.07
2023-08-31,21.97
2023-09-01,22.17
2023-09-02,22.17
2023-09-03,22.17
2023-09-04,22.28
2023-09-05,22.33
2023-09-06,22.37
2023-09-07,22.28
2023-09-08,22.39
2023-09-09,22.39
2023-09-10,22.39
2023-09-11,22.59
2023-09-12,22.58
2023-09-13,22.67
2023-09-14,22.71
2023-09-15,22.81
2023-09-16,22.81
2023-09-17,22.81
2023-09-18,22.74
2023-09-19,22.74
2023-09-20,22.48
2023-09-21,22.3
2023-09-22,22.22
2023-09-23,22.22
2023-09-24,22.22
2023-09-25,22.22
2023-09-26,22.21
2023-09-27,22.27
2023-09-28,22.05
2023-09-29,22.21
2023-09-30,22.21
2023-10-01,22.21
2023-10-02,22.21
2023-10-03,22.09
2023-10-04,21.98
2023-10-05,22.11
2023-10-06,22.23
2023-10-07,22.23
2023-10-08,22.23
2023-10-09,22.07
2023-10-10,22.27
2023-10-11,22.41
2023-10-12,22.39
2023-10-13,22.33
2023-10-14,22.33
2023-10-15,22.33
2023-10-16,22.29
2023-10-17,22.38
2023-10-18,21.87
2023-10-19,21.77
2023-10-20,21.68
2023-10-21,21.68
2023-10-22,21.68
2023-10-23,21.36
2023-10-24,21.36
2023-10-25,20.92
2023-10-26,20.63
2023-10-27,20.84
2023-10-28,20.84
2023-10-29,20.84
2023-10-30,20.9
2023-10-31,20.45
2023-11-01,20.4
2023-11-02,20.77
2023-11-03,20.88
2023-11-04,20.88
2023-11-05,20.88
2023-11-06,20.96
2023-11-07,20.92
2023-11-08,20.97
2023-11-09,20.91
2023-11-10,20.95
2023-11-11,20.95
2023-11-12,20.95
2023-11-13,20.96
2023-11-14,20.96
2023-11-15,21.05
2023-11-16,21.13
2023-11-17,21.1
2023-11-18,21.1
2023-11-19,21.1
2023-11-20,21.06
2023-11-21,21.14
2023-11-22,21.17
2023-11-23,21.16
2023-11-24,21.15
2023-11-25,21.15
2023-11-26,21.15
2023-11-27,21.15
2023-11-28,21.26
2023-11-29,21.48
2023-11-30,21.52
2023-12-01,21.66
2023-12-02,21.66
2023-12-03,21.66
2023-12-04,22.11
2023-12-05,22.29
2023-12-06,22.38
2023-12-07,22.34
2023-12-08,22.41
2023-12-09,22.41
2023-12-10,22.41
2023-12-11,22.44
2023-12-12,22.34
2023-12-13,22.36
2023-12-14,22.63
2023-12-15,22.92
2023-12-16,22.92
2023-12-17,22.92
2023-12-18,22.88
2023-12-19,22.92
2023-12-20,22.6
2023-12-21,22.71
2023-12-22,22.81
2023-12-23,22.81
2023-12-24,22.81
2023-12-25,22.81
2023-12-26,22.91
2023-12-27,23.14
2023-12-28,23.27
2023-12-29,23.17
2023-12-30,23.17
2023-12-31,23.17
2024-01-01,23.18
2024-01-02,23.1
2024-01-03,22.94
2024-01-04,23.09
2024-01-05,23.15
2024-01-06,23.15
2024-01-07,23.15
2024-01-08,22.94
2024-01-09,22.97
2024-01-10,23.05
2024-01-11,23.08
2024-01-12,23.34
2024-01-13,23.34
2024-01-14,23.34
2024-01-15,23.59
2024-01-16,23.52
2024-01-17,23.03
2024-01-18,22.64
2024-01-19,22.79
2024-01-20,22.79
2024-01-21,22.79
2024-01-22,22.79
2024-01-23,22.31
2024-01-24,22.39
2024-01-25,22.27
2024-01-26,22.27
2024-01-27,22.27
2024-01-28,22.27
2024-01-29,22.58
2024-01-30,22.31
2024-01-31,22.46
2024-02-01,22.38
2024-02-02,22.51
2024-02-03,22.51
2024-02-04,22.51
2024-02-05,22.39
2024-02-06,22.66
2024-02-07,22.66
2024-02-08,22.45
2024-02-09,22.51
2024-02-10,22.51
2024-02-11,22.51
2024-02-12,22.38
2024-02-13,22.5
2024-02-14,22.59
2024-02-15,22.62
2024-02-16,22.76
2024-02-17,22.76
2024-02-18,22.76
2024-02-19,22.84
2024-02-20,22.92
2024-02-21,22.77
2024-02-22,22.94
2024-02-23,22.93
2024-02-24,22.93
2024-02-25,22.93
2024-02-26,22.84
2024-02-27,22.92
2024-02-28,22.66
2024-02-29,22.7
2024-03-01,23.06
2024-03-02,23.06
2024-03-03,23.06
2024-03-04,23.13
2024-03-05,23.08
2024-03-06,23.2
2024-03-07,23.22
2024-03-08,23.22
2024-03-09,23.22
2024-03-10,23.22
2024-03-11,23.06
2024-03-12,23.06
2024-03-13,22.71
2024-03-14,22.86
2024-03-15,22.74
2024-03-16,22.74
2024-03-17,22.74
2024-03-18,22.77
2024-03-19,22.52
2024-03-20,22.55
2024-03-21,22.73
2024-03-22,22.81
2024-03-23,22.81
2024-03-24,22.81
2024-03-25,22.81
2024-03-26,22.72
2024-03-27,22.84
2024-03-28,22.88
2024-03-29,22.88
2024-03-30,22.88
2024-03-31,22.88
2024-04-01,23.02
2024-04-02,23.01
2024-04-03,22.99
2024-04-04,23.07
2024-04-05,23.07
2024-04-06,23.07
2024-04-07,23.07
2024-04-08,23.23
2024-04-09,23.2
2024-04-10,23.32
2024-04-11,23.32
2024-04-12,23.08
2024-04-13,23.08
2024-04-14,23.08
2024-04-15,22.82
2024-04-16,22.68
2024-04-17,22.68
2024-04-18,22.53
2024-04-19,22.68
2024-04-20,22.68
2024-04-21,22.68
2024-04-22,22.78
2024-04-23,22.54
2024-04-24,22.58
2024-04-25,22.75
2024-04-26,22.0
2024-04-27,22.0
2024-04-28,22.0
2024-04-29,22.2
2024-04-30,22.0
2024-05-01,22.0
2024-05-02,22.03
2024-05-03,21.87
2024-05-04,21.87
2024-05-05,21.87
2024-05-06,21.77
2024-05-07,21.61
2024-05-08,21.61
2024-05-09,21.26
2024-05-10,21.33
2024-05-11,21.33
2024-05-12,21.33
2024-05-13,21.35
2024-05-14,21.19
2024-05-15,21.17
2024-05-16,21.41
2024-05-17,21.47
2024-05-18,21.47
2024-05-19,21.47
2024-05-20,21.47
2024-05-21,21.52
2024-05-22,21.55
2024-05-23,21.9
2024-05-24,21.88
2024-05-25,21.88
2024-05-26,21.88
2024-05-27,21.85
2024-05-28,21.74
2024-05-29,21.57
2024-05-30,21.36
2024-05-31,21.4
2024-06-01,21.4
2024-06-02,21.4
2024-06-03,22.13
2024-06-04,20.81
2024-06-05,21.51
2024-06-06,21.71
2024-06-07,22.15
2024-06-08,22.15
2024-06-09,22.15
2024-06-10,22.12
2024-06-11,22.13
2024-06-12,22.18
2024-06-13,22.25
2024-06-14,22.32
2024-06-15,22.32
2024-06-16,22.32
2024-06-17,22.32
2024-06-18,22.4
2024-06-19,22.36
2024-06-20,22.41
2024-06-21,22.34
2024-06-22,22.34
2024-06-23,22.34
2024-06-24,22.38
2024-06-25,22.55
2024-06-26,22.69
2024-06-27,22.86
2024-06-28,22.85
2024-06-29,22.85
2024-06-30,22.85
2024-07-01,22.97
2024-07-02,22.96
2024-07-03,23.11
2024-07-04,23.13
2024-07-05,23.15
2024-07-06,23.15
2024-07-07,23.15
2024-07-08,23.14
2024-07-09,23.25
2024-07-10,23.15
2024-07-11,23.14
2024-07-12,23.32
2024-07-13,23.32
2024-07-14,23.32
2024-07-15,23.38
2024-07-16,23.39
2024-07-17,23.39
2024-07-18,23.57
2024-07-19,23.31
2024-07-20,23.31
2024-07-21,23.31
2024-07-22,23.28
2024-07-23,23.11
2024-07-24,23.05
2024-07-25,23.03
2024-07-26,23.4
2024-07-27,23.4
2024-07-28,23.4
2024-07-29,23.4
2024-07-30,23.31
2024-07-31,23.4
2024-08-01,23.45
2024-08-02,23.09
2024-08-03,23.09
2024-08-04,23.09
2024-08-05,22.38
2024-08-06,22.3
2024-08-07,22.61
2024-08-08,22.44
2024-08-09,22.67
2024-08-10,22.67
2024-08-11,22.67
2024-08-12,22.65
2024-08-13,22.46
2024-08-14,22.47
2024-08-15,22.47
2024-08-16,22.8
2024-08-17,22.8
2024-08-18,22.8
2024-08-19,22.83
2024-08-20,22.95
2024-08-21,23.01
2024-08-22,23.05
2024-08-23,23.06
2024-08-24,23.06
2024-08-25,23.06
2024-08-26,23.24
2024-08-27,23.24
2024-08-28,23.28
2024-08-29,23.37
2024-08-30,23.47
2024-08-31,23.47
2024-09-01,23.47
2024-09-02,23.51
2024-09-03,23.51
2024-09-04,23.43
2024-09-05,23.38
2024-09-06,23.11
2024-09-07,23.11
2024-09-08,23.11
2024-09-09,23.19
2024-09-10,23.29
2024-09-11,23.17
2024-09-12,23.61
2024-09-13,23.58
2024-09-14,23.58
2024-09-15,23.58
2024-09-16,23.61
2024-09-17,23.64
2024-09-18,23.6
2024-09-19,23.64
2024-09-20,23.98
2024-09-21,23.98
2024-09-22,23.98
2024-09-23,24.12
2024-09-24,24.12
2024-09-25,24.18
2024-09-26,24.38
2024-09-27,24.34
2024-09-28,24.34
2024-09-29,24.34
2024-09-30,24.26
2024-10-01,24.25
2024-10-02,24.25
2024-10-03,23.74
2024-10-04,23.52
2024-10-05,23.52
2024-10-06,23.52
2024-10-07,23.31
2024-10-08,23.51
2024-10-09,23.48
2024-10-10,23.5
2024-10-11,23.47
2024-10-12,23.47
2024-10-13,23.47
2024-10-14,23.62
2024-10-15,23.55
2024-10-16,23.47
2024-10-17,23.26
2024-10-18,23.38
2024-10-19,23.38
2024-10-20,23.38
2024-10-21,23.23
2024-10-22,22.83
2024-10-23,22.81
2024-10-24,22.76
2024-10-25,22.56
2024-10-26,22.56
2024-10-27,22.56
2024-10-28,22.74
2024-10-29,23.02
2024-10-30,22.9
2024-10-31,22.58
2024-11-01,22.68
2024-11-02,22.68
2024-11-03,22.68
2024-11-04,22.36
2024-11-05,22.55
2024-11-06,22.8
2024-11-07,22.55
2024-11-08,22.27
2024-11-09,22.27
2024-11-10,22.27
2024-11-11,22.23
2024-11-12,21.93
2024-11-13,21.68
2024-11-14,21.65
2024-11-15,21.65
2024-11-16,21.65
2024-11-17,21.65
2024-11-18,21.57
2024-11-19,21.65
2024-11-20,21.65
2024-11-21,21.49
2024-11-22,22.01
2024-11-23,22.01
2024-11-24,22.01
2024-11-25,22.29
2024-11-26,22.27
2024-11-27,22.34
2024-11-28,22.01
2024-11-29,22.21
2024-11-30,22.21
2024-12-01,22.21
2024-12-02,22.35
2024-12-03,22.51
2024-12-04,22.52
2024-12-05,22.74
2024-12-06,22.72
2024-12-07,22.72
2024-12-08,22.72
2024-12-09,22.66
2024-12-10,22.65
2024-12-11,22.68
2024-12-12,22.6
2024-12-13,22.8
2024-12-14,22.8
2024-12-15,22.8
2024-12-16,22.71
2024-12-17,22.4
2024-12-18,22.27
2024-12-19,22.05
2024-12-20,21.71
2024-12-21,21.71
2024-12-22,21.71
2024-12-23,21.86
2024-12-24,21.84
2024-12-25,21.84
2024-12-26,21.86
2024-12-27,21.92
2024-12-28,21.92
2024-12-29,21.92
2024-12-30,21.76
2024-12-31,21.79
2025-01-01,21.88
2025-01-02,22.29
2025-01-03,22.12
2025-01-04,22.12
2025-01-05,22.12
2025-01-06,21.76
2025-01-07,21.84
2025-01-08,21.83
2025-01-09,21.68
2025-01-10,21.59
2025-01-11,21.59
2025-01-12,21.59
2025-01-13,21.25
2025-01-14,21.34
2025-01-15,21.37
2025-01-16,21.46
2025-01-17,21.36
2025-01-18,21.36
2025-01-19,21.36
2025-01-20,21.4
2025-01-21,21.07
2025-01-22,21.19
2025-01-23,21.24
2025-01-24,21.09
2025-01-25,21.09
2025-01-26,21.09
2025-01-27,20.85
2025-01-28,20.85
2025-01-29,21.06
2025-01-30,21.12
2025-01-31,21.33
2025-02-01,21.33
2025-02-02,21.33
2025-02-03,21.22
2025-02-04,21.56
2025-02-05,21.52
2025-02-06,21.45
2025-02-07,21.41
2025-02-08,21.41
2025-02-09,21.41
2025-02-10,20.82
2025-02-11,20.53
2025-02-12,20.52
2025-02-13,20.51
2025-02-14,20.42
2025-02-15,20.42
2025-02-16,20.42
2025-02-17,20.44
2025-02-18,20.4
2025-02-19,20.38
2025-02-20,20.37
2025-02-21,20.26
2025-02-22,20.26
2025-02-23,20.26
2025-02-24,20.05
2025-02-25,20.04
2025-02-26,20.04
2025-02-27,20.04
2025-02-28,19.67
2025-03-01,19.67
2025-03-02,19.67
2025-03-03,19.66
2025-03-04,19.63
2025-03-05,19.86
2025-03-06,20.04
2025-03-07,20.05
2025-03-08,20.05
2025-03-09,20.05
2025-03-10,19.96
2025-03-11,20.0
2025-03-12,19.97
2025-03-13,19.91
2025-03-14,19.91
2025-03-15,19.91
2025-03-16,19.91
2025-03-17,20.01
2025-03-18,20.3
2025-03-19,20.36
2025-03-20,20.61
2025-03-21,20.76
2025-03-22,20.76
2025-03-23,20.76
2025-03-24,21.03
2025-03-25,21.04
2025-03-26,20.88
2025-03-27,20.97
2025-03-28,21.37
2025-03-29,21.37
2025-03-30,21.37
2025-03-31,21.37
2025-04-01,21.05
2025-04-02,21.2
2025-04-03,21.13
2025-04-04,20.82
2025-04-05,20.82
2025-04-06,20.82
2025-04-07,20.14
2025-04-08,20.48
2025-04-09,20.36
2025-04-10,20.36
2025-04-11,20.75
2025-04-12,20.75
2025-04-13,20.75
2025-04-14,20.75
2025-04-15,21.2
2025-04-16,21.3
2025-04-17,21.68
2025-04-18,21.68
2025-04-19,21.68
2025-04-20,21.68
2025-04-21,21.93
2025-04-22,21.97
2025-04-23,21.99
2025-04-24,21.91
2025-04-25,21.72
2025-04-26,21.72
2025-04-27,21.72
2025-04-28,21.97
2025-04-29,21.94
2025-04-30,21.94
2025-05-01,21.94
2025-05-02,21.95
2025-05-03,21.95
2025-05-04,21.95
2025-05-05,21.99
2025-05-06,21.95
2025-05-07,21.99
2025-05-08,21.86
2025-05-09,21.62
2025-05-10,21.62
2025-05-11,21.62
2025-05-12,22.43
2025-05-13,22.08
2025-05-14,22.14
2025-05-15,22.43
2025-05-16,22.39
2025-05-17,22.39
2025-05-18,22.39
2025-05-19,22.33
2025-05-20,22.08
2025-05-21,22.19
2025-05-22,22.01
2025-05-23,22.4
2025-05-24,22.4
2025-05-25,22.4
2025-05-26,22.58
2025-05-27,22.38
2025-05-28,22.32
2025-05-29,22.39
2025-05-30,22.32
2025-05-31,22.32
2025-06-01,22.32
2025-06-02,22.29
2025-06-03,22.07
2025-06-04,22.14
2025-06-05,22.25
2025-06-06,22.47
2025-06-07,22.47
2025-06-08,22.47
2025-06-09,22.56
2025-06-10,22.57
2025-06-11,22.6
2025-06-12,22.37
2025-06-13,22.22
2025-06-14,22.22
2025-06-15,22.22
2025-06-16,22.42
2025-06-17,22.34
2025-06-18,22.3
2025-06-19,22.29
2025-06-20,22.57
2025-06-21,22.57
2025-06-22,22.57
2025-06-23,22.44
2025-06-24,22.51
2025-06-25,22.69
2025-06-26,22.96
2025-06-27,23.04
2025-06-28,23.04
2025-06-29,23.04
2025-06-30,22.97
2025-07-01,22.99
2025-07-02,22.91
2025-07-03,22.87
2025-07-04,22.92
2025-07-05,22.92
2025-07-06,22.92
2025-07-07,22.92
2025-07-08,22.97
2025-07-09,22.93
2025-07-10,22.82
2025-07-11,22.64
2025-07-12,22.64
2025-07-13,22.64
2025-07-14,22.57
2025-07-15,22.67
2025-07-16,22.68
2025-07-17,22.59
2025-07-18,22.46
2025-07-19,22.46
2025-07-20,22.46
2025-07-21,22.58
2025-07-22,22.15
2025-07-23,22.29
2025-07-24,22.15
2025-07-25,21.93
2025-07-26,21.93
2025-07-27,21.93
2025-07-28,21.78
2025-07-29,21.97
2025-07-30,22.05
2025-07-31,21.93
2025-08-01,21.7
2025-08-02,21.7
2025-08-03,21.7
2025-08-04,21.89
2025-08-05,21.82
2025-08-06,21.75
2025-08-07,21.71
2025-08-08,21.48
2025-08-09,21.48
2025-08-10,21.48
2025-08-11,21.67
2025-08-12,21.56
2025-08-13,21.68
2025-08-14,21.66
2025-08-15,21.66
2025-08-16,21.66
2025-08-17,21.66
2025-08-18,21.86
2025-08-19,21.95
2025-08-20,22.0
2025-08-21,22.03
2025-08-22,21.85
2025-08-23,21.85
2025-08-24,21.85
2025-08-25,21.93
2025-08-26,21.71
2025-08-27,21.71
2025-08-28,21.52
2025-08-29,21.46
2025-08-30,21.46
2025-08-31,21.46
2025-09-01,21.63
2025-09-02,21.59
2025-09-03,21.71
2025-09-04,21.73
2025-09-05,21.73
2025-09-06,21.73
2025-09-07,21.73
2025-09-08,21.76
2025-09-09,21.85
2025-09-10,21.94
2025-09-11,21.97
2025-09-12,22.06
2025-09-13,22.06
2025-09-14,22.06
2025-09-15,22.02
2025-09-16,22.17
2025-09-17,22.25
2025-09-18,22.33
2025-09-19,22.25
2025-09-20,22.25
2025-09-21,22.25
2025-09-22,22.14
2025-09-23,22.11
2025-09-24,22.01
2025-09-25,21.86
2025-09-26,21.66
2025-09-27,21.66
2025-09-28,21.66
2025-09-29,21.64
2025-09-30,21.76
2025-10-01,21.96
2025-10-02,21.96
2025-10-03,22.01
2025-10-04,22.01
2025-10-05,22.01
2025-10-06,22.18
2025-10-07,22.2
2025-10-08,22.15
2025-10-09,22.27
2025-10-10,22.36
2025-10-11,22.36
2025-10-12,22.36
2025-10-13,22.31
2025-10-14,22.23
2025-10-15,22.39
2025-10-16,22.7
2025-10-17,22.78
2025-10-18,22.78
2025-10-19,22.78
2025-10-20,22.72
2025-10-21,22.74
2025-10-22,22.74
2025-10-23,22.76
2025-10-24,22.67
2025-10-25,22.67
2025-10-26,22.67
2025-10-27,22.84
2025-10-28,22.82
2025-10-29,22.92
2025-10-30,22.77
2025-10-31,22.64
2025-11-01,22.64
2025-11-02,22.64
2025-11-03,22.67
2025-11-04,22.51
2025-11-05,22.51
2025-11-06,22.29
2025-11-07,22.28
2025-11-08,22.28
2025-11-09,22.28
2025-11-10,22.31
2025-11-11,22.4
2025-11-12,22.52
2025-11-13,22.51
2025-11-14,22.53
2025-11-15,22.53
2025-11-16,22.53
2025-11-17,22.49
2025-11-18,22.33
2025-11-19,22.45
2025-11-20,22.8
2025-11-21,22.7
2025-11-22,22.7
2025-11-23,22.7
2025-11-24,22.6
2025-11-25,22.54
2025-11-26,22.82
2025-11-27,22.82
2025-11-28,22.81
2025-11-29,22.81
2025-11-30,22.81
2025-12-01,22.79
2025-12-02,22.66
2025-12-03,22.62
2025-12-04,22.67
2025-12-05,22.8
2025-12-06,22.8
2025-12-07,22.8
2025-12-08,22.6
2025-12-09,22.5
2025-12-10,22.43
2025-12-11,22.55
2025-12-12,22.68
2025-12-13,22.68
2025-12-14,22.68
2025-12-15,22.66
2025-12-16,22.51
2025-12-17,22.48
2025-12-18,22.48
2025-12-19,22.61
2025-12-20,22.61
2025-12-21,22.61
2025-12-22,22.79
2025-12-23,22.79
2025-12-24,22.76
2025-12-25,22.76
2025-12-26,22.67
2025-12-27,22.67
2025-12-28,22.67
2025-12-29,22.59
2025-12-30,22.58
2025-12-31,22.75
2026-01-01,22.76
2026-01-02,22.92
2026-01-03,22.92
2026-01-04,22.92
2026-01-05,22.85
2026-01-06,22.79
2026-01-07,22.76
2026-01-08,22.53
2026-01-09,22.36
2026-01-10,22.36
2026-01-11,22.36
2026-01-12,22.45
2026-01-13,22.4
2026-01-14,22.38
2026-01-15,22.38
2026-01-16,22.4
2026-01-17,22.4
2026-01-18,22.4
2026-01-19,22.31
2026-01-20,21.91
2026-01-21,21.85
2026-01-22,21.97
2026-01-23,21.76
2026-01-24,21.76
2026-01-25,21.76
2026-01-26,21.76
2026-01-27,21.91
2026-01-28,22.07
2026-01-29,22.12
2026-01-30,22.04
2026-01-31,22.04
2026-02-01,22.04
2026-02-02,21.8
2026-02-03,22.35
2026-02-04,22.38
2026-02-05,22.21
2026-02-06,22.26
2026-02-07,22.26
2026-02-08,22.26
2026-02-09,22.79
2026-02-10,22.73
2026-02-11,22.74
2026-02-12,22.58
2026-02-13,22.24
2026-02-14,22.24
2026-02-15,22.24
2026-02-16,22.51
2026-02-17,22.52
2026-02-18,22.6
2026-02-19,22.28
2026-02-20,22.38
2026-02-21,22.38
2026-02-22,22.38
2026-02-23,22.5
2026-02-24,22.25
2026-02-25,22.3
2026-02-26,22.31
2026-02-27,22.03
2026-02-28,22.03
2026-03-01,22.03
2026-03-02,21.76
2026-03-03,21.76
2026-03-04,21.42
2026-03-05,21.67
2026-03-06,21.39
2026-03-07,21.39
2026-03-08,21.39
2026-03-09,21.02
2026-03-10,21.23
2026-03-11,20.88
2026-03-12,20.68
2026-03-13,20.26
2026-03-14,20.26
2026-03-15,20.26
2026-03-16,20.48
2026-03-17,20.63
2026-03-18,20.81
2026-03-19,20.13
2026-03-20,20.23
2026-03-21,20.23
2026-03-22,20.23
2026-03-23,19.7
2026-03-24,20.05
2026-03-25,20.39
2026-03-26,20.39
2026-03-27,19.97
2026-03-28,19.97
2026-03-29,19.97
2026-03-30,19.62
2026-03-31,19.62
2026-04-01,19.93
2026-04-02,19.96
2026-04-03,19.96
2026-04-04,19.96
2026-04-05,19.96
2026-04-06,20.18
2026-04-07,20.32
2026-04-08,21.09
2026-04-09,20.89
2026-04-10,21.13
2026-04-11,21.13
2026-04-12,21.13
2026-04-13,20.93
2026-04-14,20.93
2026-04-15,21.27
2026-04-16,21.24
2026-04-17,-1.0
2026-04-20,-1.0
2026-04-21,-1.0
2026-04-22,-1.0
2026-04-23,-1.0
2026-04-24,-1.0
2026-04-27,-1.0
2026-04-28,-1.0
2026-04-29,21.02
2026-04-30,20.94
2026-05-01,-1.0
2026-05-04,21.03
2026-05-05,20.95
2026-05-06,21.21
2026-05-07,21.16
2026-05-08,-1.0
2026-05-11,-1.0
2026-05-12,20.3
2026-05-13,20.33
2026-05-14,20.61
2026-05-15,20.59
2026-05-18,20.45
2026-05-19,20.37
2026-05-20,20.41
2026-05-21,20.4
2026-05-22,20.44
2026-05-25,20.71
2026-05-26,20.6
2026-05-27,20.58
2026-05-28,-1.0
2026-05-29,20.27
2026-06-01,20.07
2026-06-02,20.27
2026-06-03,20.2
2026-06-04,20.21
2026-06-05,20.17
2026-06-08,19.96
2026-06-09,20.06
2026-06-10,20.02
2026-06-11,19.98
2026-06-12,20.37
2026-06-15,20.57
2026-06-16,20.69
2026-06-17,20.77
2026-06-18,20.85
2026-06-19,20.71
2026-06-22,20.79
2026-06-23,20.55
2026-06-24,-1.0
2026-06-25,-1.0
2026-06-26,-1.0
