date,close
2011-07-12,3719.530029296875
2011-07-13,3774.280029296875
2011-07-14,3783.64990234375
2011-07-15,3783.64990234375
2011-07-18,3759.18994140625
2011-07-19,3720.5400390625
2011-07-20,3662.64990234375
2011-07-21,3649.780029296875
2011-07-22,3710.969970703125
2011-07-25,3758.659912109375
2011-07-26,3679.159912109375
2011-07-27,3674.0400390625
2011-07-28,3659.889892578125
2011-07-29,3671.159912109375
2011-08-01,3671.159912109375
2011-08-02,3698.10009765625
2011-08-03,3680.280029296875
2011-08-04,3625.639892578125
2011-08-05,3559.56005859375
2011-08-08,3485.3798828125
2011-08-09,3475.239990234375
2011-08-10,3475.239990234375
2011-08-11,3608.070068359375
2011-08-12,3608.070068359375
2011-08-16,3553.919921875
2011-08-17,3506.090087890625
2011-08-18,3455.340087890625
2011-08-19,3423.989990234375
2011-08-22,3423.989990234375
2011-08-23,3469.659912109375
2011-08-24,3479.9599609375
2011-08-25,3403.330078125
2011-08-26,3394.639892578125
2011-08-29,3366.52001953125
2011-08-30,3469.300048828125
2011-09-02,3513.179931640625
2011-09-05,3628.110107421875
2011-09-06,3678.6298828125
2011-09-07,3685.199951171875
2011-09-08,3694.570068359375
2011-09-09,3694.570068359375
2011-09-12,3662.429931640625
2011-09-13,3575.739990234375
2011-09-14,3550.8798828125
2011-09-15,3653.3701171875
2011-09-16,3685.93994140625
2011-09-19,3696.60009765625
2011-09-20,3746.25
2011-09-21,3711.320068359375
2011-09-22,3574.52001953125
2011-09-23,3515.27001953125
2011-09-26,3477.7900390625
2011-09-27,3575.449951171875
2011-09-28,3535.760009765625
2011-09-29,3605.199951171875
2011-09-30,3549.6201171875
2011-10-03,3534.60009765625
2011-10-04,3460.699951171875
2011-10-05,3459.35009765625
2011-10-07,3535.75
2011-10-10,3615.949951171875
2011-10-11,3652.449951171875
2011-10-12,3705.89990234375
2011-10-13,3659.300048828125
2011-10-14,3693.39990234375
2011-10-17,3752.300048828125
2011-10-18,3689.300048828125
2011-10-19,3754.35009765625
2011-10-20,3699.10009765625
2011-10-21,3692.14990234375
2011-10-24,3759.89990234375
2011-10-25,3864.050048828125
2011-10-28,3983.85009765625
2011-10-31,3944.050048828125
2011-11-01,3868.14990234375
2011-11-02,3859.75
2011-11-03,3848.5
2011-11-04,3861.60009765625
2011-11-08,3859.10009765625
2011-11-09,3791.300048828125
2011-11-11,3819.0
2011-11-14,3738.85009765625
2011-11-15,3678.25
2011-11-16,3675.35009765625
2011-11-17,3608.85009765625
2011-11-18,3563.300048828125
2011-11-21,3476.10009765625
2011-11-22,3515.5
2011-11-23,3465.35009765625
2011-11-24,3539.89990234375
2011-11-25,3493.0
2011-11-28,3547.39990234375
2011-11-29,3555.39990234375
2011-11-30,3527.800048828125
2011-12-01,3604.89990234375
2011-12-02,3686.800048828125
2011-12-05,3685.25
2011-12-07,3705.35009765625
2011-12-08,3643.39990234375
2011-12-09,3561.300048828125
2011-12-12,3466.300048828125
2011-12-13,3503.75
2011-12-14,3455.35009765625
2011-12-15,3404.64990234375
2011-12-16,3379.050048828125
2011-12-19,3382.0
2011-12-20,3304.800048828125
2011-12-21,3387.10009765625
2011-12-22,3434.60009765625
2011-12-23,3446.64990234375
2011-12-26,3480.699951171875
2011-12-27,3456.300048828125
2011-12-28,3413.10009765625
2011-12-29,3400.5
2011-12-30,3390.550048828125
2012-01-02,3356.10009765625
2012-01-03,3414.050048828125
2012-01-04,3386.10009765625
2012-01-05,3426.75
2012-01-06,3416.0
2012-01-09,3395.85009765625
2012-01-10,3493.550048828125
2012-01-11,3503.949951171875
2012-01-12,3529.85009765625
2012-01-13,3531.699951171875
2012-01-16,3557.800048828125
2012-01-17,3643.14990234375
2012-01-18,3600.14990234375
2012-01-19,3637.5
2012-01-20,3664.199951171875
2012-01-23,3677.949951171875
2012-01-24,3730.449951171875
2012-01-25,3775.39990234375
2012-01-27,3818.550048828125
2012-01-30,3749.75
2012-01-31,3836.5
2012-02-01,3910.0
2012-02-02,3922.5
2012-02-03,3944.39990234375
2012-02-06,3985.300048828125
2012-02-07,3940.949951171875
2012-02-08,3969.14990234375
2012-02-09,4040.800048828125
2012-02-10,4031.199951171875
2012-02-13,4068.64990234375
2012-02-14,4154.2001953125
2012-02-15,4293.9501953125
2012-02-16,4296.4501953125
2012-02-17,4277.9501953125
2012-02-21,4290.4501953125
2012-02-22,4229.2998046875
2012-02-23,4189.25
2012-02-24,4169.85009765625
2012-02-27,4034.10009765625
2012-02-28,4160.0498046875
2012-02-29,4159.39990234375
2012-03-01,4115.7001953125
2012-03-02,4114.60009765625
2012-03-05,4089.800048828125
2012-03-06,4066.89990234375
2012-03-07,4071.949951171875
2012-03-09,4165.0
2012-03-12,4193.89990234375
2012-03-13,4194.35009765625
2012-03-14,4237.25
2012-03-15,4209.0
2012-03-16,4215.39990234375
2012-03-19,4197.0498046875
2012-03-20,4132.10009765625
2012-03-21,4192.2001953125
2012-03-22,4118.75
2012-03-23,4147.75
2012-03-26,4093.0
2012-03-27,4106.9501953125
2012-03-28,4083.949951171875
2012-03-29,4105.9501953125
2012-03-30,4207.0
2012-04-02,4216.2998046875
2012-04-03,4209.9501953125
2012-04-04,4188.7998046875
2012-04-09,4139.35009765625
2012-04-10,4184.10009765625
2012-04-11,4168.2998046875
2012-04-12,4214.89990234375
2012-04-13,4229.75
2012-04-16,4284.9501953125
2012-04-17,4325.9501953125
2012-04-18,4389.60009765625
2012-04-19,4471.2998046875
2012-04-20,4472.39990234375
2012-04-23,4396.2998046875
2012-04-24,4395.64990234375
2012-04-25,4416.4501953125
2012-04-26,4377.0498046875
2012-04-27,4384.39990234375
2012-04-30,4433.14990234375
2012-05-02,4356.89990234375
2012-05-03,4250.39990234375
2012-05-04,4174.64990234375
2012-05-07,4228.89990234375
2012-05-08,4142.25
2012-05-09,4105.39990234375
2012-05-10,4072.75
2012-05-11,4094.10009765625
2012-05-14,4073.5
2012-05-15,4076.050048828125
2012-05-16,3973.800048828125
2012-05-17,3952.550048828125
2012-05-18,3875.85009765625
2012-05-21,3903.10009765625
2012-05-22,3878.050048828125
2012-05-23,3853.699951171875
2012-05-24,3893.300048828125
2012-05-25,3884.14990234375
2012-05-28,3946.89990234375
2012-05-29,3958.85009765625
2012-05-30,3814.14990234375
2012-05-31,3739.75
2012-06-01,3670.800048828125
2012-06-04,3695.25
2012-06-05,3685.5
2012-06-06,3821.550048828125
2012-06-07,3871.449951171875
2012-06-08,3872.75
2012-06-11,3846.699951171875
2012-06-12,3914.300048828125
2012-06-13,3851.699951171875
2012-06-14,3778.949951171875
2012-06-15,3876.699951171875
2012-06-18,3850.0
2012-06-19,3850.39990234375
2012-06-20,3889.5
2012-06-21,3917.85009765625
2012-06-22,3920.800048828125
2012-06-25,3895.35009765625
2012-06-26,3907.050048828125
2012-06-27,3880.89990234375
2012-06-28,3886.89990234375
2012-06-29,3966.39990234375
2012-07-02,3943.949951171875
2012-07-03,3949.449951171875
2012-07-04,3969.85009765625
2012-07-05,3999.14990234375
2012-07-06,3983.64990234375
2012-07-09,3945.050048828125
2012-07-10,4006.5
2012-07-11,3960.89990234375
2012-07-12,3921.550048828125
2012-07-13,3919.35009765625
2012-07-16,3888.800048828125
2012-07-17,3836.699951171875
2012-07-18,3861.550048828125
2012-07-19,3845.89990234375
2012-07-20,3856.64990234375
2012-07-23,3763.199951171875
2012-07-24,3758.550048828125
2012-07-25,3735.85009765625
2012-07-26,3701.14990234375
2012-07-27,3735.14990234375
2012-07-30,3818.199951171875
2012-07-31,3829.75
2012-08-01,3823.5
2012-08-02,3804.10009765625
2012-08-03,3778.699951171875
2012-08-06,3852.050048828125
2012-08-07,3910.550048828125
2012-08-08,3951.199951171875
2012-08-09,3969.25
2012-08-10,3930.199951171875
2012-08-13,3924.64990234375
2012-08-14,3954.949951171875
2012-08-16,3988.449951171875
2012-08-17,4014.35009765625
2012-08-21,4067.699951171875
2012-08-22,4077.699951171875
2012-08-23,4042.25
2012-08-24,4040.10009765625
2012-08-27,4024.60009765625
2012-08-28,3984.5
2012-08-29,3927.199951171875
2012-08-30,3931.199951171875
2012-08-31,3889.25
2012-09-03,3905.300048828125
2012-09-04,3931.0
2012-09-05,3893.10009765625
2012-09-06,3915.800048828125
2012-09-07,3994.85009765625
2012-09-10,4036.25
2012-09-11,4030.0
2012-09-12,4089.60009765625
2012-09-13,4078.800048828125
2012-09-14,4191.2001953125
2012-09-17,4264.25
2012-09-18,4267.39990234375
2012-09-20,4248.5498046875
2012-09-21,4318.0498046875
2012-09-24,4352.25
2012-09-25,4318.0
2012-09-26,4302.64990234375
2012-09-27,4297.60009765625
2012-09-28,4369.5498046875
2012-10-01,4399.9501953125
2012-10-03,4390.64990234375
2012-10-04,4383.2001953125
2012-10-05,4406.9501953125
2012-10-08,4355.89990234375
2012-10-09,4347.64990234375
2012-10-10,4314.39990234375
2012-10-11,4337.85009765625
2012-10-12,4314.64990234375
2012-10-15,4303.14990234375
2012-10-16,4258.35009765625
2012-10-17,4278.39990234375
2012-10-18,4334.4501953125
2012-10-19,4297.39990234375
2012-10-22,4295.39990234375
2012-10-23,4263.4501953125
2012-10-25,4286.60009765625
2012-10-29,4324.14990234375
2012-10-30,4263.7001953125
2012-10-31,4329.39990234375
2012-11-01,4427.64990234375
2012-11-02,4488.7001953125
2012-11-05,4463.85009765625
2012-11-06,4445.0
2012-11-07,4478.0
2012-11-08,4515.0
2012-11-09,4495.25
2012-11-12,4490.85009765625
2012-11-15,4441.0498046875
2012-11-16,4374.10009765625
2012-11-19,4413.7001953125
2012-11-20,4439.7998046875
2012-11-21,4437.4501953125
2012-11-22,4428.9501953125
2012-11-23,4443.5
2012-11-26,4434.5
2012-11-27,4480.64990234375
2012-11-29,4566.9501953125
2012-11-30,4556.0
2012-12-03,4568.4501953125
2012-12-04,4550.64990234375
2012-12-05,4554.39990234375
2012-12-06,4592.10009765625
2012-12-07,4618.14990234375
2012-12-10,4604.2998046875
2012-12-11,4605.0
2012-12-12,4647.39990234375
2012-12-13,4685.5498046875
2012-12-14,4714.2998046875
2012-12-17,4744.60009765625
2012-12-18,4769.39990234375
2012-12-19,4847.2998046875
2012-12-20,4814.2001953125
2012-12-21,4752.89990234375
2012-12-24,4773.9501953125
2012-12-26,4792.60009765625
2012-12-27,4783.5498046875
2012-12-28,4801.5
2012-12-31,4830.5498046875
2013-01-01,4869.5
2013-01-02,4911.2998046875
2013-01-03,4905.35009765625
2013-01-04,4892.89990234375
2013-01-07,4913.2001953125
2013-01-08,4915.2998046875
2013-01-09,4951.75
2013-01-10,4970.89990234375
2013-01-11,4908.35009765625
2013-01-14,4882.10009765625
2013-01-15,4903.25
2013-01-16,4784.0498046875
2013-01-17,4806.60009765625
2013-01-18,4778.25
2013-01-21,4765.10009765625
2013-01-22,4739.2998046875
2013-01-23,4699.60009765625
2013-01-24,4579.89990234375
2013-01-25,4679.0498046875
2013-01-28,4723.25
2013-01-29,4680.7998046875
2013-01-30,4658.5498046875
2013-01-31,4649.89990234375
2013-02-01,4591.0498046875
2013-02-04,4628.14990234375
2013-02-05,4611.9501953125
2013-02-06,4605.5
2013-02-07,4615.10009765625
2013-02-08,4566.0498046875
2013-02-11,4571.2001953125
2013-02-12,4611.75
2013-02-13,4628.0
2013-02-14,4567.14990234375
2013-02-15,4585.35009765625
2013-02-18,4586.2001953125
2013-02-19,4627.89990234375
2013-02-20,4619.64990234375
2013-02-21,4550.7998046875
2013-02-22,4526.7998046875
2013-02-25,4563.64990234375
2013-02-26,4436.0498046875
2013-02-27,4469.5498046875
2013-02-28,4424.7998046875
2013-03-01,4481.60009765625
2013-03-04,4454.25
2013-03-05,4531.0498046875
2013-03-06,4546.60009765625
2013-03-07,4578.0
2013-03-08,4601.25
2013-03-11,4578.85009765625
2013-03-12,4584.60009765625
2013-03-13,4520.85009765625
2013-03-14,4534.75
2013-03-15,4498.60009765625
2013-03-18,4438.5498046875
2013-03-19,4375.4501953125
2013-03-20,4373.2001953125
2013-03-21,4283.10009765625
2013-03-22,4284.9501953125
2013-03-25,4247.89990234375
2013-03-26,4258.64990234375
2013-03-28,4224.60009765625
2013-04-01,4195.0
2013-04-02,4210.85009765625
2013-04-03,4111.5
2013-04-04,4092.89990234375
2013-04-05,4116.4501953125
2013-04-08,4134.10009765625
2013-04-09,4140.14990234375
2013-04-10,4174.5
2013-04-11,4206.89990234375
2013-04-12,4180.5498046875
2013-04-15,4143.10009765625
2013-04-16,4245.0498046875
2013-04-17,4298.2001953125
2013-04-18,4397.75
2013-04-22,4423.60009765625
2013-04-23,4424.2998046875
2013-04-25,4542.10009765625
2013-04-26,4574.75
2013-04-29,4605.14990234375
2013-04-30,4632.4501953125
2013-05-02,4647.7001953125
2013-05-03,4589.35009765625
2013-05-06,4658.2001953125
2013-05-07,4705.7001953125
2013-05-08,4687.10009765625
2013-05-09,4675.64990234375
2013-05-10,4776.75
2013-05-13,4675.0
2013-05-14,4675.89990234375
2013-05-15,4788.2998046875
2013-05-16,4765.10009765625
2013-05-17,4761.0
2013-05-20,4802.85009765625
2013-05-21,4729.7998046875
2013-05-22,4711.85009765625
2013-05-23,4637.60009765625
2013-05-24,4645.0
2013-05-27,4669.35009765625
2013-05-28,4736.14990234375
2013-05-29,4752.25
2013-05-30,4855.39990234375
2013-05-31,4769.0498046875
2013-06-03,4726.7001953125
2013-06-04,4706.75
2013-06-05,4713.2998046875
2013-06-06,4713.14990234375
2013-06-07,4646.10009765625
2013-06-10,4619.60009765625
2013-06-11,4564.5498046875
2013-06-12,4535.4501953125
2013-06-13,4419.35009765625
2013-06-14,4543.2001953125
2013-06-17,4625.9501953125
2013-06-18,4617.89990234375
2013-06-19,4591.0498046875
2013-06-20,4512.7001953125
2013-06-21,4505.64990234375
2013-06-24,4439.75
2013-06-25,4457.0498046875
2013-06-26,4379.89990234375
2013-06-27,4404.5498046875
2013-06-28,4539.4501953125
2013-07-01,4630.14990234375
2013-07-02,4589.35009765625
2013-07-03,4556.75
2013-07-04,4588.25
2013-07-05,4593.2001953125
2013-07-08,4524.60009765625
2013-07-09,4535.10009765625
2013-07-10,4470.64990234375
2013-07-11,4489.7998046875
2013-07-12,4492.9501953125
2013-07-15,4515.0
2013-07-16,4485.5498046875
2013-07-17,4449.75
2013-07-18,4462.2998046875
2013-07-19,4536.5
2013-07-22,4584.60009765625
2013-07-23,4600.10009765625
2013-07-24,4536.35009765625
2013-07-25,4547.5498046875
2013-07-26,4527.75
2013-07-29,4535.39990234375
2013-07-30,4441.39990234375
2013-07-31,4474.0
2013-08-01,4411.5498046875
2013-08-02,4390.35009765625
2013-08-05,4369.4501953125
2013-08-06,4329.75
2013-08-07,4268.75
2013-08-08,4344.75
2013-08-12,4384.35009765625
2013-08-13,4480.60009765625
2013-08-14,4622.4501953125
2013-08-16,4512.60009765625
2013-08-19,4368.5498046875
2013-08-20,4274.2001953125
2013-08-21,4210.2001953125
2013-08-22,4281.75
2013-08-23,4355.4501953125
2013-08-26,4357.75
2013-08-27,4244.35009765625
2013-08-28,4249.39990234375
2013-08-29,4347.0
2013-08-30,4345.60009765625
2013-09-02,4354.5498046875
2013-09-03,4291.39990234375
2013-09-04,4398.9501953125
2013-09-05,4443.0
2013-09-06,4432.85009765625
2013-09-10,4697.9501953125
2013-09-11,4706.10009765625
2013-09-12,4627.75
2013-09-13,4662.0498046875
2013-09-16,4683.10009765625
2013-09-17,4713.4501953125
2013-09-18,4716.75
2013-09-19,4847.25
2013-09-20,4773.4501953125
2013-09-23,4714.39990234375
2013-09-24,4769.75
2013-09-25,4769.14990234375
2013-09-26,4766.64990234375
2013-09-27,4748.75
2013-09-30,4681.9501953125
2013-10-01,4727.10009765625
2013-10-03,4843.5498046875
2013-10-04,4887.60009765625
2013-10-07,4888.2001953125
2013-10-08,4889.7001953125
2013-10-09,4917.0
2013-10-10,5006.2998046875
2013-10-11,5099.4501953125
2013-10-14,5116.0498046875
2013-10-15,5085.89990234375
2013-10-17,5024.9501953125
2013-10-18,5091.9501953125
2013-10-21,5122.85009765625
2013-10-22,5099.89990234375
2013-10-23,5059.75
2013-10-24,5094.75
2013-10-25,5039.35009765625
2013-10-28,5034.85009765625
2013-10-29,5153.5498046875
2013-10-30,5155.85009765625
2013-10-31,5163.89990234375
2013-11-01,5228.85009765625
2013-11-05,5248.0498046875
2013-11-06,5216.75
2013-11-07,5167.85009765625
2013-11-08,5137.39990234375
2013-11-11,5083.5
2013-11-12,5003.5498046875
2013-11-13,5027.2998046875
2013-11-14,5177.89990234375
2013-11-18,5233.7998046875
2013-11-19,5250.39990234375
2013-11-20,5179.60009765625
2013-11-21,5132.14990234375
2013-11-22,5071.60009765625
2013-11-25,5175.5
2013-11-26,5201.10009765625
2013-11-27,5253.35009765625
2013-11-28,5275.9501953125
2013-11-29,5283.14990234375
2013-12-02,5310.9501953125
2013-12-03,5287.2998046875
2013-12-04,5230.0
2013-12-05,5245.89990234375
2013-12-06,5273.5
2013-12-09,5351.7001953125
2013-12-10,5347.5
2013-12-11,5293.85009765625
2013-12-12,5180.89990234375
2013-12-13,5180.2001953125
2013-12-16,5150.7001953125
2013-12-17,5140.85009765625
2013-12-18,5228.89990234375
2013-12-19,5216.35009765625
2013-12-20,5320.5498046875
2013-12-23,5333.35009765625
2013-12-24,5331.89990234375
2013-12-26,5311.9501953125
2013-12-27,5309.0498046875
2013-12-30,5278.85009765625
2013-12-31,5285.0
2014-01-01,5292.64990234375
2014-01-02,5253.5498046875
2014-01-03,5194.89990234375
2014-01-06,5204.7998046875
2014-01-07,5209.7001953125
2014-01-08,5251.60009765625
2014-01-09,5219.10009765625
2014-01-10,5165.64990234375
2014-01-13,5210.64990234375
2014-01-14,5184.0
2014-01-15,5239.9501953125
2014-01-16,5200.39990234375
2014-01-17,5197.85009765625
2014-01-20,5239.4501953125
2014-01-21,5288.7001953125
2014-01-22,5310.89990234375
2014-01-23,5256.0498046875
2014-01-24,5168.25
2014-01-27,4998.7001953125
2014-01-28,5010.2001953125
2014-01-29,5010.89990234375
2014-01-30,5021.25
2014-01-31,5009.85009765625
2014-02-03,4912.39990234375
2014-02-04,4938.60009765625
2014-02-05,5021.85009765625
2014-02-06,5061.9501953125
2014-02-07,5092.0498046875
2014-02-10,5115.39990234375
2014-02-11,5166.2001953125
2014-02-12,5173.64990234375
2014-02-13,5171.7001953125
2014-02-14,5198.89990234375
2014-02-17,5236.2001953125
2014-02-18,5275.39990234375
2014-02-19,5275.35009765625
2014-02-20,5259.64990234375
2014-02-21,5285.75
2014-02-24,5314.0
2014-02-25,5346.0
2014-02-26,5396.35009765625
2014-02-28,5467.25
2014-03-03,5404.5
2014-03-04,5437.85009765625
2014-03-05,5434.64990234375
2014-03-06,5478.9501953125
2014-03-07,5530.2998046875
2014-03-10,5552.85009765625
2014-03-11,5516.9501953125
2014-03-12,5482.39990234375
2014-03-13,5509.35009765625
2014-03-14,5555.60009765625
2014-03-18,5549.4501953125
2014-03-19,5540.85009765625
2014-03-20,5493.64990234375
2014-03-21,5542.39990234375
2014-03-24,5616.2998046875
2014-03-25,5644.60009765625
2014-03-26,5694.35009765625
2014-03-27,5719.5498046875
2014-03-28,5738.7998046875
2014-03-31,5803.2001953125
2014-04-01,5813.14990234375
2014-04-02,5879.0498046875
2014-04-03,5869.0
2014-04-04,5811.0498046875
2014-04-07,5824.2001953125
2014-04-09,5927.7998046875
2014-04-10,5956.0498046875
2014-04-11,5887.60009765625
2014-04-15,5822.7001953125
2014-04-16,5784.5
2014-04-17,5915.2998046875
2014-04-21,5998.0
2014-04-22,5965.2001953125
2014-04-23,5979.2001953125
2014-04-25,5961.39990234375
2014-04-28,5907.5498046875
2014-04-29,5844.25
2014-04-30,5866.5
2014-05-02,5849.0498046875
2014-05-05,5862.39990234375
2014-05-06,5876.7998046875
2014-05-07,5838.35009765625
2014-05-08,5875.89990234375
2014-05-09,6011.2001953125
2014-05-12,6180.0498046875
2014-05-13,6218.25
2014-05-14,6213.2001953125
2014-05-15,6192.5498046875
2014-05-16,6246.2001953125
2014-05-19,6251.2001953125
2014-05-20,6265.39990234375
2014-05-21,6323.89990234375
2014-05-22,6333.4501953125
2014-05-23,6433.64990234375
2014-05-26,6502.0
2014-05-27,6435.64990234375
2014-05-28,6374.75
2014-05-29,6375.25
2014-05-30,6385.10009765625
2014-06-02,6470.5498046875
2014-06-03,6509.2998046875
2014-06-04,6558.35009765625
2014-06-05,6618.25
2014-06-06,6724.89990234375
2014-06-09,6832.64990234375
2014-06-10,6835.7998046875
2014-06-11,6807.35009765625
2014-06-12,6858.7998046875
2014-06-13,6738.60009765625
2014-06-16,6668.7001953125
2014-06-17,6703.85009765625
2014-06-18,6643.2001953125
2014-06-19,6658.89990234375
2014-06-20,6604.14990234375
2014-06-23,6651.89990234375
2014-06-24,6727.2001953125
2014-06-25,6791.7001953125
2014-06-26,6796.2998046875
2014-06-27,6750.39990234375
2014-06-30,6775.14990234375
2014-07-01,6989.2001953125
2014-07-02,7100.39990234375
2014-07-03,7149.2998046875
2014-07-04,7153.2001953125
2014-07-07,7201.85009765625
2014-07-08,7034.5
2014-07-09,6852.0
2014-07-10,6796.5
2014-07-11,6722.5
2014-07-14,6782.25
2014-07-15,6885.25
2014-07-16,6989.5
2014-07-17,6981.60009765625
2014-07-18,6986.7001953125
2014-07-21,6987.7001953125
2014-07-22,7019.39990234375
2014-07-23,7033.0
2014-07-24,7031.7998046875
2014-07-25,6945.10009765625
2014-07-28,6907.85009765625
2014-07-30,6957.7001953125
2014-07-31,6907.14990234375
2014-08-01,6847.14990234375
2014-08-04,6936.64990234375
2014-08-05,7072.35009765625
2014-08-06,7022.7001953125
2014-08-07,7015.89990234375
2014-08-08,6918.64990234375
2014-08-11,7093.2998046875
2014-08-12,7223.7001953125
2014-08-13,7230.89990234375
2014-08-14,7270.64990234375
2014-08-18,7387.7998046875
2014-08-19,7569.7998046875
2014-08-20,7524.39990234375
2014-08-21,7573.5
2014-08-22,7582.14990234375
2014-08-25,7597.5
2014-08-26,7595.64990234375
2014-08-27,7665.0
2014-08-28,7683.60009765625
2014-09-01,7789.35009765625
2014-09-02,7797.5
2014-09-03,7850.85009765625
2014-09-04,7856.14990234375
2014-09-05,7805.60009765625
2014-09-08,7864.60009765625
2014-09-09,7899.0
2014-09-10,7882.64990234375
2014-09-11,7932.25
2014-09-12,8009.7998046875
2014-09-15,7984.64990234375
2014-09-16,7830.7001953125
2014-09-17,7901.14990234375
2014-09-18,8120.35009765625
2014-09-19,8059.2998046875
2014-09-22,8153.5
2014-09-23,7991.10009765625
2014-09-24,7946.60009765625
2014-09-25,7867.10009765625
2014-09-26,7933.9501953125
2014-09-29,7904.2998046875
2014-09-30,7899.35009765625
2014-10-01,7895.2001953125
2014-10-07,7828.25
2014-10-08,7870.75
2014-10-09,7957.60009765625
2014-10-10,7732.35009765625
2014-10-13,7720.7001953125
2014-10-14,7690.5498046875
2014-10-16,7524.35009765625
2014-10-17,7568.7998046875
2014-10-20,7725.75
2014-10-21,7765.39990234375
2014-10-22,7991.10009765625
2014-10-27,7939.60009765625
2014-10-28,7972.85009765625
2014-10-29,8103.7001953125
2014-10-30,8128.89990234375
2014-10-31,8246.900390625
2014-11-03,8172.85009765625
2014-11-05,8183.9501953125
2014-11-07,8118.39990234375
2014-11-10,8106.2998046875
2014-11-11,8172.7998046875
2014-11-12,8285.25
2014-11-13,8251.25
2014-11-14,8285.0498046875
2014-11-17,8401.2001953125
2014-11-18,8441.7001953125
2014-11-19,8378.7001953125
2014-11-20,8334.2001953125
2014-11-21,8378.7998046875
2014-11-24,8393.7001953125
2014-11-25,8301.849609375
2014-11-26,8333.75
2014-11-27,8378.75
2014-11-28,8540.25
2014-12-01,8556.099609375
2014-12-02,8481.650390625
2014-12-03,8594.900390625
2014-12-04,8587.7001953125
2014-12-05,8585.9501953125
2014-12-08,8450.349609375
2014-12-09,8351.849609375
2014-12-10,8389.5498046875
2014-12-11,8318.75
2014-12-12,8284.349609375
2014-12-15,8260.75
2014-12-16,8109.5
2014-12-17,7977.5498046875
2014-12-18,8156.10009765625
2014-12-19,8168.39990234375
2014-12-22,8286.7001953125
2014-12-23,8259.5
2014-12-24,8184.35009765625
2014-12-26,8203.25
2014-12-29,8323.099609375
2014-12-30,8302.349609375
2014-12-31,8281.2001953125
2015-01-01,8318.7998046875
2015-01-02,8365.400390625
2015-01-05,8467.9501953125
2015-01-06,8248.2001953125
2015-01-07,8254.7001953125
2015-01-08,8397.2998046875
2015-01-09,8397.0
2015-01-12,8409.5498046875
2015-01-13,8398.7998046875
2015-01-14,8427.7001953125
2015-01-15,8614.7001953125
2015-01-16,8623.599609375
2015-01-19,8694.900390625
2015-01-20,8760.900390625
2015-01-21,8779.9501953125
2015-01-22,8842.0
2015-01-23,8983.099609375
2015-01-27,9099.599609375
2015-01-28,9043.150390625
2015-01-29,9049.7001953125
2015-01-30,8930.849609375
2015-02-02,8976.099609375
2015-02-03,8919.7001953125
2015-02-04,8812.5
2015-02-05,8749.650390625
2015-02-06,8496.2998046875
2015-02-09,8294.4501953125
2015-02-10,8436.0498046875
2015-02-11,8514.150390625
2015-02-12,8654.2998046875
2015-02-13,8759.0
2015-02-16,8792.5498046875
2015-02-18,8884.849609375
2015-02-19,8871.650390625
2015-02-20,8874.650390625
2015-02-23,8804.150390625
2015-02-24,8777.7001953125
2015-02-25,8781.2998046875
2015-02-26,8640.7001953125
2015-02-27,8841.7998046875
2015-03-02,8919.5498046875
2015-03-03,8838.7998046875
2015-03-04,8777.849609375
2015-03-05,8825.650390625
2015-03-09,8727.0498046875
2015-03-10,8756.400390625
2015-03-11,8761.5
2015-03-12,8851.650390625
2015-03-13,8721.75
2015-03-16,8697.849609375
2015-03-17,8807.400390625
2015-03-18,8748.75
2015-03-19,8719.5498046875
2015-03-20,8585.9501953125
2015-03-23,8597.7998046875
2015-03-24,8480.7998046875
2015-03-25,8515.650390625
2015-03-26,8385.349609375
2015-03-27,8435.0
2015-03-30,8574.4501953125
2015-03-31,8621.75
2015-04-01,8710.75
2015-04-06,8792.0
2015-04-07,8794.5
2015-04-08,8838.75
2015-04-09,8848.150390625
2015-04-10,8879.0
2015-04-13,8817.849609375
2015-04-15,8682.0
2015-04-16,8666.400390625
2015-04-17,8558.2001953125
2015-04-20,8398.599609375
2015-04-21,8284.900390625
2015-04-22,8280.2998046875
2015-04-23,8228.7998046875
2015-04-24,8164.4501953125
2015-04-27,8118.64990234375
2015-04-28,8315.400390625
2015-04-29,8278.5
2015-04-30,8188.2001953125
2015-05-04,8330.2001953125
2015-05-05,8327.2001953125
2015-05-06,8089.85009765625
2015-05-07,7986.25
2015-05-08,8199.25
2015-05-11,8427.5498046875
2015-05-12,8277.5
2015-05-13,8413.400390625
2015-05-14,8485.5
2015-05-15,8539.5498046875
2015-05-18,8600.0498046875
2015-05-19,8531.2998046875
2015-05-20,8484.7998046875
2015-05-21,8549.599609375
2015-05-22,8581.650390625
2015-05-25,8565.099609375
2015-05-26,8548.150390625
2015-05-27,8369.900390625
2015-05-28,8379.2998046875
2015-05-29,8536.75
2015-06-01,8509.349609375
2015-06-02,8325.0498046875
2015-06-03,8191.60009765625
2015-06-04,8130.4501953125
2015-06-05,8092.2998046875
2015-06-08,8006.14990234375
2015-06-09,7953.64990234375
2015-06-10,8104.0498046875
2015-06-11,7909.0
2015-06-12,7905.25
2015-06-15,7996.2001953125
2015-06-16,8090.85009765625
2015-06-17,8160.9501953125
2015-06-18,8258.650390625
2015-06-19,8305.349609375
2015-06-22,8400.7001953125
2015-06-23,8405.7998046875
2015-06-24,8326.9501953125
2015-06-25,8395.9501953125
2015-06-26,8447.2001953125
2015-06-29,8325.0498046875
2015-06-30,8383.25
2015-07-01,8482.4501953125
2015-07-02,8528.599609375
2015-07-03,8493.5
2015-07-06,8517.9501953125
2015-07-07,8488.900390625
2015-07-08,8287.2998046875
2015-07-09,8248.5498046875
2015-07-10,8234.099609375
2015-07-13,8370.75
2015-07-14,8305.7001953125
2015-07-15,8403.2001953125
2015-07-16,8434.5498046875
2015-07-17,8473.900390625
2015-07-20,8476.349609375
2015-07-21,8440.4501953125
2015-07-22,8538.7998046875
2015-07-23,8581.349609375
2015-07-24,8472.0498046875
2015-07-27,8305.650390625
2015-07-28,8259.5
2015-07-29,8368.900390625
2015-07-30,8387.5
2015-07-31,8544.849609375
2015-08-03,8609.650390625
2015-08-04,8703.599609375
2015-08-05,8795.4501953125
2015-08-06,8796.9501953125
2015-08-07,8803.0
2015-08-10,8745.599609375
2015-08-11,8619.25
2015-08-12,8407.150390625
2015-08-13,8441.5498046875
2015-08-14,8642.099609375
2015-08-17,8615.4501953125
2015-08-18,8662.5498046875
2015-08-19,8703.2998046875
2015-08-20,8553.5498046875
2015-08-21,8381.7001953125
2015-08-24,7773.4501953125
2015-08-25,7920.35009765625
2015-08-26,7882.10009765625
2015-08-27,7952.35009765625
2015-08-28,8023.2998046875
2015-08-31,7948.5498046875
2015-09-01,7745.39990234375
2015-09-02,7638.7001953125
2015-09-03,7738.60009765625
2015-09-04,7559.4501953125
2015-09-07,7464.2998046875
2015-09-08,7589.0
2015-09-09,7814.85009765625
2015-09-10,7875.85009765625
2015-09-11,7857.4501953125
2015-09-14,7890.75
2015-09-15,7766.2001953125
2015-09-16,7799.10009765625
2015-09-18,7842.5498046875
2015-09-21,7848.75
2015-09-22,7709.85009765625
2015-09-23,7705.5498046875
2015-09-24,7721.25
2015-09-28,7584.25
2015-09-29,7648.2001953125
2015-09-30,7759.60009765625
2015-10-01,7731.5498046875
2015-10-05,7890.4501953125
2015-10-06,7947.64990234375
2015-10-07,8064.0498046875
2015-10-08,8021.75
2015-10-09,8051.2001953125
2015-10-12,8062.60009765625
2015-10-13,8078.2001953125
2015-10-14,8010.5498046875
2015-10-15,8193.400390625
2015-10-16,8266.650390625
2015-10-19,8245.5498046875
2015-10-20,8265.400390625
2015-10-21,8285.150390625
2015-10-23,8228.2998046875
2015-10-26,8232.25
2015-10-27,8272.349609375
2015-10-28,8206.150390625
2015-10-29,8195.900390625
2015-10-30,8091.9501953125
2015-11-02,8097.10009765625
2015-11-03,8102.89990234375
2015-11-04,8235.75
2015-11-05,8194.150390625
2015-11-06,8144.4501953125
2015-11-09,8246.2001953125
2015-11-10,8257.7001953125
2015-11-13,8178.2998046875
2015-11-16,8190.35009765625
2015-11-17,8252.099609375
2015-11-18,8181.0
2015-11-19,8295.0498046875
2015-11-20,8339.400390625
2015-11-23,8395.349609375
2015-11-24,8332.900390625
2015-11-26,8444.599609375
2015-11-27,8443.650390625
2015-11-30,8481.849609375
2015-12-01,8419.0
2015-12-02,8416.400390625
2015-12-03,8334.650390625
2015-12-04,8240.7001953125
2015-12-07,8221.5
2015-12-08,8210.349609375
2015-12-09,8067.89990234375
2015-12-10,8085.0
2015-12-11,7943.25
2015-12-14,7964.0498046875
2015-12-15,8082.35009765625
2015-12-16,8035.60009765625
2015-12-17,8149.0
2015-12-18,8079.2001953125
2015-12-21,8154.89990234375
2015-12-22,8099.64990234375
2015-12-23,8111.0
2015-12-24,8136.60009765625
2015-12-28,8228.400390625
2015-12-29,8268.7998046875
2015-12-30,8240.2001953125
2015-12-31,8254.75
2016-01-01,8328.2998046875
2016-01-04,8142.85009765625
2016-01-05,8124.35009765625
2016-01-06,8025.39990234375
2016-01-07,7725.14990234375
2016-01-08,7744.25
2016-01-11,7751.64990234375
2016-01-12,7721.0498046875
2016-01-13,7795.5
2016-01-14,7684.64990234375
2016-01-15,7544.2001953125
2016-01-18,7431.4501953125
2016-01-19,7526.0
2016-01-20,7401.5498046875
2016-01-21,7259.4501953125
2016-01-22,7544.0
2016-01-25,7487.2998046875
2016-01-27,7491.2998046875
2016-01-28,7458.0
2016-01-29,7605.0498046875
2016-02-01,7569.89990234375
2016-02-02,7470.39990234375
2016-02-03,7343.2998046875
2016-02-04,7377.5498046875
2016-02-05,7495.9501953125
2016-02-08,7423.2001953125
2016-02-09,7295.75
2016-02-10,7202.5
2016-02-11,6949.4501953125
2016-02-12,7074.5
2016-02-15,7391.14990234375
2016-02-16,7248.7001953125
2016-02-17,7320.89990234375
2016-02-18,7373.39990234375
2016-02-19,7441.5
2016-02-22,7464.7998046875
2016-02-23,7351.60009765625
2016-02-24,7261.14990234375
2016-02-25,7175.75
2016-02-26,7164.85009765625
2016-02-29,7092.2998046875
2016-03-01,7396.0498046875
2016-03-02,7435.14990234375
2016-03-03,7580.2998046875
2016-03-04,7591.75
2016-03-08,7596.64990234375
2016-03-09,7689.7998046875
2016-03-10,7688.2998046875
2016-03-11,7723.5498046875
2016-03-14,7777.14990234375
2016-03-15,7711.10009765625
2016-03-16,7671.7001953125
2016-03-17,7662.60009765625
2016-03-18,7767.10009765625
2016-03-21,7867.60009765625
2016-03-22,7947.14990234375
2016-03-23,7990.75
2016-03-28,7876.7001953125
2016-03-29,7955.0
2016-03-30,8084.0
2016-03-31,8087.60009765625
2016-04-01,8030.0498046875
2016-04-04,8124.5498046875
2016-04-05,7883.10009765625
2016-04-06,7919.9501953125
2016-04-07,7834.60009765625
2016-04-08,7821.2998046875
2016-04-11,7992.5498046875
2016-04-12,8116.5
2016-04-13,8399.349609375
2016-04-18,8386.150390625
2016-04-20,8341.400390625
2016-04-21,8320.2998046875
2016-04-22,8401.400390625
2016-04-25,8322.400390625
2016-04-26,8457.0498046875
2016-04-27,8479.650390625
2016-04-28,8317.650390625
2016-04-29,8288.9501953125
2016-05-02,8299.0498046875
2016-05-03,8263.0498046875
2016-05-04,8087.2998046875
2016-05-05,8133.89990234375
2016-05-06,8196.7998046875
2016-05-09,8315.9501953125
2016-05-10,8234.349609375
2016-05-11,8192.25
2016-05-12,8234.25
2016-05-13,8160.39990234375
2016-05-16,8200.2001953125
2016-05-17,8245.0498046875
2016-05-18,8145.35009765625
2016-05-19,8104.75
2016-05-20,8080.75
2016-05-23,8026.60009765625
2016-05-24,8051.75
2016-05-25,8211.9501953125
2016-05-26,8312.650390625
2016-05-27,8393.9501953125
2016-05-30,8497.0
2016-05-31,8720.400390625
2016-06-01,8670.7998046875
2016-06-02,8713.7001953125
2016-06-03,8749.25
2016-06-06,8763.5498046875
2016-06-07,8799.0
2016-06-08,8841.849609375
2016-06-09,8784.2001953125
2016-06-10,8688.2998046875
2016-06-13,8599.099609375
2016-06-14,8613.150390625
2016-06-15,8689.650390625
2016-06-16,8612.7998046875
2016-06-17,8675.2001953125
2016-06-20,8799.0498046875
2016-06-21,8858.4501953125
2016-06-22,8778.2001953125
2016-06-23,8870.2001953125
2016-06-24,8631.650390625
2016-06-27,8605.400390625
2016-06-28,8618.849609375
2016-06-29,8744.7001953125
2016-06-30,8863.75
2016-07-01,8894.849609375
2016-07-04,8956.900390625
2016-07-05,8852.400390625
2016-07-07,8801.4501953125
2016-07-08,8870.5
2016-07-11,9058.7998046875
2016-07-12,9121.849609375
2016-07-13,9069.9501953125
2016-07-14,9115.150390625
2016-07-15,9204.4501953125
2016-07-18,9226.0
2016-07-19,9260.0498046875
2016-07-20,9279.7998046875
2016-07-21,9208.650390625
2016-07-22,9290.5
2016-07-25,9378.7998046875
2016-07-26,9255.400390625
2016-07-27,9330.75
2016-07-28,9404.349609375
2016-07-29,9470.849609375
2016-08-01,9530.0498046875
2016-08-02,9469.599609375
2016-08-03,9301.75
2016-08-04,9439.75
2016-08-05,9738.650390625
2016-08-08,9797.5498046875
2016-08-09,9747.599609375
2016-08-10,9559.349609375
2016-08-11,9513.25
2016-08-12,9618.5
2016-08-16,9558.599609375
2016-08-17,9647.0
2016-08-18,9678.599609375
2016-08-19,9638.5498046875
2016-08-22,9539.0
2016-08-23,9526.2998046875
2016-08-24,9529.0
2016-08-25,9470.849609375
2016-08-26,9538.400390625
2016-08-29,9697.0
2016-08-30,9866.0498046875
2016-08-31,9897.2998046875
2016-09-01,9939.9501953125
2016-09-02,10052.9501953125
2016-09-06,10348.5498046875
2016-09-07,10359.849609375
2016-09-08,10458.650390625
2016-09-09,10299.2001953125
2016-09-12,10013.5
2016-09-14,10086.25
2016-09-15,10064.0498046875
2016-09-16,10117.9501953125
2016-09-19,10146.349609375
2016-09-20,10075.0
2016-09-21,10095.9501953125
2016-09-22,10250.349609375
2016-09-23,10224.9501953125
2016-09-26,10048.650390625
2016-09-27,9992.5
2016-09-28,10115.9501953125
2016-09-29,9893.849609375
2016-09-30,10029.2998046875
2016-10-03,10275.5
2016-10-04,10289.7001953125
2016-10-05,10344.0
2016-10-06,10269.849609375
2016-10-07,10344.2998046875
2016-10-10,10335.7998046875
2016-10-13,10203.0
2016-10-14,10223.4501953125
2016-10-17,10008.400390625
2016-10-18,10150.0498046875
2016-10-19,10092.5498046875
2016-10-20,10088.7001953125
2016-10-21,10101.599609375
2016-10-24,10188.2001953125
2016-10-25,10143.7001953125
2016-10-26,10056.5498046875
2016-10-27,9912.849609375
2016-10-28,10056.7001953125
2016-11-01,10105.5498046875
2016-11-02,9973.7998046875
2016-11-03,9948.25
2016-11-04,9870.75
2016-11-07,9892.599609375
2016-11-08,10079.7001953125
2016-11-09,9819.7998046875
2016-11-10,9758.150390625
2016-11-11,9308.2998046875
2016-11-15,8828.599609375
2016-11-16,8918.650390625
2016-11-17,8915.599609375
2016-11-18,8983.849609375
2016-11-21,8681.599609375
2016-11-22,8852.900390625
2016-11-23,8891.150390625
2016-11-24,8754.5
2016-11-25,8780.400390625
2016-11-28,8826.650390625
2016-11-29,9017.9501953125
2016-11-30,9113.7998046875
2016-12-01,9041.0
2016-12-02,8888.7001953125
2016-12-05,9046.25
2016-12-06,9014.0
2016-12-07,9053.25
2016-12-08,9299.0498046875
2016-12-09,9252.2998046875
2016-12-12,9092.0
2016-12-13,9196.0
2016-12-14,9146.0498046875
2016-12-15,9118.25
2016-12-16,9153.5
2016-12-19,9098.0498046875
2016-12-20,9023.0498046875
2016-12-21,9013.0
2016-12-22,8961.2998046875
2016-12-23,8987.25
2016-12-26,8854.75
2016-12-27,8991.7998046875
2016-12-28,8981.150390625
2016-12-29,9109.0498046875
2016-12-30,9141.75
2017-01-02,9326.900390625
2017-01-03,9300.2998046875
2017-01-04,9330.900390625
2017-01-05,9522.2998046875
2017-01-06,9506.650390625
2017-01-09,9495.9501953125
2017-01-10,9616.599609375
2017-01-11,9703.650390625
2017-01-12,9676.9501953125
2017-01-13,9600.7001953125
2017-01-16,9650.7001953125
2017-01-17,9641.849609375
2017-01-18,9644.7998046875
2017-01-19,9709.0
2017-01-20,9601.0
2017-01-23,9665.0
2017-01-24,9828.2001953125
2017-01-25,9967.7001953125
2017-01-27,10014.849609375
2017-01-30,9928.650390625
2017-01-31,9837.75
2017-02-01,10191.9501953125
2017-02-02,10058.7998046875
2017-02-03,9975.099609375
2017-02-06,10031.099609375
2017-02-07,9931.7001953125
2017-02-08,9994.25
2017-02-09,10028.0498046875
2017-02-10,9987.2998046875
2017-02-13,9973.2998046875
2017-02-14,9820.599609375
2017-02-15,9523.349609375
2017-02-16,9686.349609375
2017-02-17,9683.599609375
2017-02-20,9743.9501953125
2017-02-21,9758.900390625
2017-02-22,9768.4501953125
2017-02-23,9761.75
2017-02-27,9666.849609375
2017-02-28,9654.650390625
2017-03-01,9670.599609375
2017-03-02,9705.5
2017-03-03,9680.5
2017-03-06,9800.0
2017-03-07,9753.5498046875
2017-03-08,9701.25
2017-03-09,9754.349609375
2017-03-10,9779.25
2017-03-14,9910.400390625
2017-03-15,9987.650390625
2017-03-16,10056.5
2017-03-17,10009.400390625
2017-03-20,10009.2998046875
2017-03-21,9963.75
2017-03-22,9803.9501953125
2017-03-23,9897.9501953125
2017-03-24,9878.349609375
2017-03-27,9808.2001953125
2017-03-28,9887.7998046875
2017-03-29,9845.75
2017-03-30,9860.2998046875
2017-03-31,9880.2001953125
2017-04-03,9921.099609375
2017-04-05,10033.5498046875
2017-04-06,10035.2998046875
2017-04-07,9993.75
2017-04-10,10030.5
2017-04-11,10040.0498046875
2017-04-12,9987.150390625
2017-04-13,9907.400390625
2017-04-17,9889.4501953125
2017-04-18,9813.7001953125
2017-04-19,9831.349609375
2017-04-20,9909.900390625
2017-04-21,9858.7998046875
2017-04-24,9978.2001953125
2017-04-25,10090.349609375
2017-04-26,10189.7001953125
2017-04-27,10173.099609375
2017-04-28,10255.150390625
2017-05-02,10294.75
2017-05-03,10273.0
2017-05-04,10211.7998046875
2017-05-05,10107.9501953125
2017-05-08,10167.0498046875
2017-05-09,10157.7998046875
2017-05-10,10303.900390625
2017-05-11,10410.75
2017-05-12,10429.2001953125
2017-05-15,10481.2998046875
2017-05-16,10597.4501953125
2017-05-17,10669.7001953125
2017-05-18,10436.349609375
2017-05-19,10409.7998046875
2017-05-22,10339.9501953125
2017-05-23,10380.650390625
2017-05-24,10386.2998046875
2017-05-25,10588.099609375
2017-05-26,10711.5498046875
2017-05-29,10753.5
2017-05-30,10802.0498046875
2017-05-31,10870.7998046875
2017-06-01,10891.5498046875
2017-06-02,10942.2001953125
2017-06-05,10967.9501953125
2017-06-06,10849.2001953125
2017-06-07,10932.400390625
2017-06-08,10939.650390625
2017-06-09,11047.4501953125
2017-06-12,10963.849609375
2017-06-13,10910.2001953125
2017-06-14,10905.25
2017-06-15,10839.400390625
2017-06-16,10869.2001953125
2017-06-19,10893.2998046875
2017-06-20,10900.7001953125
2017-06-21,10835.5
2017-06-22,10820.75
2017-06-23,10637.4501953125
2017-06-27,10576.2001953125
2017-06-28,10582.650390625
2017-06-29,10568.150390625
2017-06-30,10540.25
2017-07-03,10680.9501953125
2017-07-04,10629.5498046875
2017-07-05,10704.7998046875
2017-07-06,10746.5498046875
2017-07-07,10729.0
2017-07-10,10795.2001953125
2017-07-11,10876.150390625
2017-07-12,10904.349609375
2017-07-13,10936.650390625
2017-07-14,10892.25
2017-07-17,10936.4501953125
2017-07-18,10954.400390625
2017-07-19,11012.150390625
2017-07-20,10960.7001953125
2017-07-21,10955.400390625
2017-07-24,10968.7998046875
2017-07-25,10932.5
2017-07-26,11003.5498046875
2017-07-27,10919.0
2017-07-28,10934.849609375
2017-07-31,11002.650390625
2017-08-01,11170.900390625
2017-08-02,11134.25
2017-08-03,11058.7998046875
2017-08-04,11137.5498046875
2017-08-07,11158.849609375
2017-08-08,11117.7998046875
2017-08-09,10925.650390625
2017-08-10,10606.5
2017-08-11,10457.75
2017-08-14,10600.150390625
2017-08-16,10778.75
2017-08-17,10694.650390625
2017-08-18,10676.349609375
2017-08-21,10572.75
2017-08-22,10482.900390625
2017-08-23,10552.7998046875
2017-08-24,10571.4501953125
2017-08-28,10592.349609375
2017-08-29,10503.5
2017-08-30,10572.349609375
2017-08-31,10612.5498046875
2017-09-01,10823.599609375
2017-09-04,10738.400390625
2017-09-05,10771.2001953125
2017-09-06,10746.099609375
2017-09-07,10837.7998046875
2017-09-08,10779.0
2017-09-11,10839.75
2017-09-12,10965.900390625
2017-09-13,10916.0
2017-09-14,10949.0
2017-09-15,10971.4501953125
2017-09-18,11104.849609375
2017-09-19,11170.75
2017-09-20,11103.4501953125
2017-09-21,11051.900390625
2017-09-22,10927.0498046875
2017-09-25,10808.4501953125
2017-09-26,10816.0
2017-09-27,10646.0498046875
2017-09-28,10683.650390625
2017-09-29,10811.25
2017-10-03,10903.75
2017-10-04,10942.7001953125
2017-10-05,10931.7001953125
2017-10-06,11007.0
2017-10-09,11005.7998046875
2017-10-10,11029.849609375
2017-10-11,10960.2998046875
2017-10-12,11072.25
2017-10-13,11078.2998046875
2017-10-16,11216.849609375
2017-10-17,11221.900390625
2017-10-18,11167.849609375
2017-10-19,11107.7001953125
2017-10-23,11109.9501953125
2017-10-24,11080.0
2017-10-25,11150.2998046875
2017-10-26,11212.599609375
2017-10-27,11317.900390625
2017-10-30,11426.5
2017-10-31,11370.0
2017-11-01,11363.5
2017-11-02,11282.849609375
2017-11-03,11313.650390625
2017-11-06,11463.2001953125
2017-11-07,11331.75
2017-11-08,11254.099609375
2017-11-09,11242.5
2017-11-10,11185.5
2017-11-13,11134.0498046875
2017-11-14,11156.7001953125
2017-11-15,11103.599609375
2017-11-16,11156.400390625
2017-11-17,11252.099609375
2017-11-20,11284.9501953125
2017-11-21,11325.900390625
2017-11-22,11354.5498046875
2017-11-23,11326.75
2017-11-24,11371.9501953125
2017-11-27,11402.7001953125
2017-11-28,11406.400390625
2017-11-29,11427.9501953125
2017-11-30,11292.900390625
2017-12-01,11188.2001953125
2017-12-04,11160.099609375
2017-12-05,11100.5498046875
2017-12-06,11020.75
2017-12-07,11235.650390625
2017-12-08,11357.150390625
2017-12-11,11424.599609375
2017-12-12,11331.099609375
2017-12-13,11264.650390625
2017-12-14,11296.2001953125
2017-12-15,11448.400390625
2017-12-18,11589.0498046875
2017-12-19,11991.900390625
2017-12-20,11954.099609375
2017-12-21,11876.849609375
2017-12-22,11931.2001953125
2017-12-26,11959.150390625
2017-12-27,11905.5
2017-12-28,11857.650390625
2017-12-29,12009.7001953125
2018-01-01,11890.5
2018-01-02,11927.150390625
2018-01-03,11866.7998046875
2018-01-04,11843.25
2018-01-05,11929.599609375
2018-01-08,11974.5
2018-01-09,11942.25
2018-01-10,11856.9501953125
2018-01-11,11871.75
2018-01-12,11908.400390625
2018-01-15,11794.099609375
2018-01-16,11646.25
2018-01-17,11692.599609375
2018-01-18,11662.099609375
2018-01-19,11677.5498046875
2018-01-22,11690.849609375
2018-01-23,11725.7998046875
2018-01-24,11654.650390625
2018-01-25,11507.75
2018-01-29,11678.400390625
2018-01-30,11627.900390625
2018-01-31,11611.900390625
2018-02-01,11693.599609375
2018-02-02,11301.9501953125
2018-02-05,11386.400390625
2018-02-06,11181.7001953125
2018-02-07,11214.75
2018-02-08,11344.2001953125
2018-02-09,11234.75
2018-02-12,11364.75
2018-02-14,11335.650390625
2018-02-15,11306.7998046875
2018-02-16,11114.5498046875
2018-02-19,10976.650390625
2018-02-20,10962.900390625
2018-02-21,10942.2001953125
2018-02-22,10847.9501953125
2018-02-23,10927.0
2018-02-26,11171.650390625
2018-02-27,11165.25
2018-02-28,11157.2001953125
2018-03-01,11146.7001953125
2018-03-05,10971.599609375
2018-03-06,10821.349609375
2018-03-07,10788.5498046875
2018-03-08,10894.75
2018-03-09,10888.349609375
2018-03-12,11045.7998046875
2018-03-13,11064.2998046875
2018-03-14,11060.599609375
2018-03-15,11051.75
2018-03-16,10861.400390625
2018-03-19,10787.0
2018-03-20,10848.599609375
2018-03-21,10833.599609375
2018-03-22,10737.150390625
2018-03-23,10637.7001953125
2018-03-26,10801.0
2018-03-27,10843.75
2018-03-28,10821.349609375
2018-04-02,11058.4501953125
2018-04-03,11153.4501953125
2018-04-04,11198.0498046875
2018-04-05,11406.150390625
2018-04-06,11444.150390625
2018-04-09,11472.349609375
2018-04-10,11386.650390625
2018-04-11,11453.599609375
2018-04-12,11459.5498046875
2018-04-13,11465.2998046875
2018-04-16,11504.9501953125
2018-04-17,11472.349609375
2018-04-18,11411.7998046875
2018-04-19,11431.650390625
2018-04-20,11440.099609375
2018-04-23,11497.2001953125
2018-04-24,11522.599609375
2018-04-25,11503.5
2018-04-26,11534.7998046875
2018-04-27,11581.7998046875
2018-04-30,11625.75
2018-05-02,11508.2001953125
2018-05-03,11451.650390625
2018-05-04,11323.7001953125
2018-05-07,11489.599609375
2018-05-08,11437.2001953125
2018-05-09,11419.75
2018-05-10,11346.400390625
2018-05-11,11373.2001953125
2018-05-14,11273.75
2018-05-15,11186.7998046875
2018-05-16,11164.7001953125
2018-05-17,11154.7998046875
2018-05-18,10962.75
2018-05-21,10732.900390625
2018-05-22,10913.4501953125
2018-05-23,10860.599609375
2018-05-24,10681.599609375
2018-05-25,10883.0
2018-05-28,11007.150390625
2018-05-29,11051.150390625
2018-05-30,11024.150390625
2018-05-31,10994.4501953125
2018-06-01,11076.5498046875
2018-06-04,11023.25
2018-06-05,10986.9501953125
2018-06-06,11155.849609375
2018-06-07,11236.0
2018-06-08,11226.099609375
2018-06-11,11239.7001953125
2018-06-12,11243.400390625
2018-06-13,11236.2001953125
2018-06-14,11243.0
2018-06-15,11173.0498046875
2018-06-18,11203.4501953125
2018-06-19,11080.349609375
2018-06-20,11137.349609375
2018-06-21,11033.2001953125
2018-06-22,11088.5
2018-06-25,10910.4501953125
2018-06-26,10852.099609375
2018-06-27,10716.2001953125
2018-06-28,10632.599609375
2018-06-29,10709.0498046875
2018-07-02,10665.7998046875
2018-07-03,10779.150390625
2018-07-04,10914.349609375
2018-07-05,10925.75
2018-07-06,11067.849609375
2018-07-09,11135.650390625
2018-07-10,11239.2001953125
2018-07-11,11127.400390625
2018-07-12,11038.0
2018-07-13,11003.0498046875
2018-07-16,10835.150390625
2018-07-17,10965.650390625
2018-07-18,10808.599609375
2018-07-19,10799.0
2018-07-20,10752.7001953125
2018-07-23,10770.599609375
2018-07-24,10861.2998046875
2018-07-25,10809.9501953125
2018-07-26,10770.0
2018-07-27,10874.7998046875
2018-07-30,10925.0498046875
2018-07-31,10973.75
2018-08-01,10890.099609375
2018-08-02,10733.650390625
2018-08-03,10775.2998046875
2018-08-06,10822.7998046875
2018-08-07,10855.650390625
2018-08-08,10821.2001953125
2018-08-09,10813.7998046875
2018-08-10,10839.4501953125
2018-08-13,10756.7001953125
2018-08-14,10803.150390625
2018-08-16,10830.9501953125
2018-08-17,10878.7001953125
2018-08-20,10997.900390625
2018-08-21,10979.25
2018-08-23,10959.599609375
2018-08-24,10903.0
2018-08-27,10993.5498046875
2018-08-28,11044.150390625
2018-08-29,11057.150390625
2018-08-30,11007.599609375
2018-08-31,11009.25
2018-09-03,10935.650390625
2018-09-04,10754.099609375
2018-09-05,10788.400390625
2018-09-06,10798.5498046875
2018-09-07,11036.650390625
2018-09-10,10843.900390625
2018-09-11,10681.400390625
2018-09-12,10692.75
2018-09-14,10826.7001953125
2018-09-17,10730.7998046875
2018-09-18,10565.650390625
2018-09-19,10527.900390625
2018-09-21,10407.400390625
2018-09-24,10001.0
2018-09-25,10100.4501953125
2018-09-26,10002.2001953125
2018-09-27,9815.400390625
2018-09-28,9590.25
2018-10-01,9659.5498046875
2018-10-03,9375.2998046875
2018-10-04,9207.0
2018-10-05,8915.099609375
2018-10-08,8969.099609375
2018-10-09,8732.900390625
2018-10-10,8961.9501953125
2018-10-11,8739.5
2018-10-12,9084.4501953125
2018-10-15,9034.599609375
2018-10-16,9102.900390625
2018-10-17,8834.7001953125
2018-10-19,8690.25
2018-10-22,8700.4501953125
2018-10-23,8649.150390625
2018-10-24,8663.900390625
2018-10-25,8580.9501953125
2018-10-26,8578.0498046875
2018-10-29,8723.900390625
2018-10-30,8744.599609375
2018-10-31,8820.5498046875
2018-11-01,8814.2001953125
2018-11-02,9180.2001953125
2018-11-05,9153.650390625
2018-11-06,9130.4501953125
2018-11-07,9200.75
2018-11-09,9277.75
2018-11-12,9051.5
2018-11-13,9126.900390625
2018-11-14,9051.400390625
2018-11-15,9108.25
2018-11-16,9112.349609375
2018-11-19,9207.650390625
2018-11-20,9133.650390625
2018-11-21,9119.2998046875
2018-11-22,9062.650390625
2018-11-26,9158.7998046875
2018-11-27,9165.0
2018-11-28,9096.4501953125
2018-11-29,9202.099609375
2018-11-30,9270.2001953125
2018-12-03,9260.599609375
2018-12-04,9212.2001953125
2018-12-05,8992.900390625
2018-12-06,8791.400390625
2018-12-07,8869.7998046875
2018-12-10,8784.25
2018-12-11,8846.7998046875
2018-12-12,9166.150390625
2018-12-13,9254.2001953125
2018-12-14,9271.5
2018-12-17,9335.7998046875
2018-12-18,9403.7998046875
2018-12-19,9507.7001953125
2018-12-20,9524.5498046875
2018-12-21,9337.25
2018-12-24,9206.75
2018-12-26,9227.0
2018-12-27,9184.099609375
2018-12-28,9223.7998046875
2018-12-31,9235.5498046875
2019-01-01,9182.4501953125
2019-01-02,8902.650390625
2019-01-03,8767.349609375
2019-01-04,8809.349609375
2019-01-07,8820.0
2019-01-08,8859.650390625
2019-01-09,8907.099609375
2019-01-10,8933.349609375
2019-01-11,8862.349609375
2019-01-14,8849.7001953125
2019-01-15,8888.400390625
2019-01-16,8866.75
2019-01-17,8878.2001953125
2019-01-18,8844.7998046875
2019-01-21,8746.849609375
2019-01-22,8675.150390625
2019-01-23,8612.25
2019-01-24,8537.25
2019-01-25,8259.7998046875
2019-01-28,8143.0
2019-01-29,8120.4501953125
2019-01-30,8118.39990234375
2019-01-31,8218.400390625
2019-02-01,8441.25
2019-02-04,8395.5498046875
2019-02-05,8468.2998046875
2019-02-06,8567.400390625
2019-02-07,8736.7001953125
2019-02-08,8420.349609375
2019-02-11,8320.2998046875
2019-02-12,8278.099609375
2019-02-14,8223.349609375
2019-02-15,8132.5498046875
2019-02-18,8067.7001953125
2019-02-19,8073.39990234375
2019-02-20,8121.5
2019-02-21,8156.75
2019-02-22,8278.9501953125
2019-02-25,8371.4501953125
2019-02-26,8399.099609375
2019-02-27,8420.0498046875
2019-02-28,8355.150390625
2019-03-01,8413.650390625
2019-03-05,8676.599609375
2019-03-06,8651.75
2019-03-07,8635.7001953125
2019-03-08,8582.599609375
2019-03-11,8782.7001953125
2019-03-12,8802.900390625
2019-03-13,8767.5498046875
2019-03-14,8725.5
2019-03-15,8748.0498046875
2019-03-18,8627.0498046875
2019-03-19,8567.0498046875
2019-03-20,8445.099609375
2019-03-22,8336.599609375
2019-03-25,8238.5498046875
2019-03-26,8287.25
2019-03-27,8215.349609375
2019-03-28,8234.25
2019-04-01,8414.349609375
2019-04-02,8504.2998046875
2019-04-03,8480.650390625
2019-04-04,8536.349609375
2019-04-05,8564.599609375
2019-04-08,8526.2998046875
2019-04-09,8622.7998046875
2019-04-10,8644.5
2019-04-11,8690.0498046875
2019-04-12,8777.4501953125
2019-04-15,8911.599609375
2019-04-16,8983.5498046875
2019-04-18,8972.650390625
2019-04-22,8813.900390625
2019-04-23,8682.900390625
2019-04-24,8646.0498046875
2019-04-25,8587.900390625
2019-04-26,8493.7998046875
2019-04-30,8350.599609375
2019-05-02,8333.849609375
2019-05-03,8381.4501953125
2019-05-06,8268.4501953125
2019-05-07,8206.25
2019-05-08,8095.89990234375
2019-05-09,8103.5
2019-05-10,8093.2001953125
2019-05-13,7938.64990234375
2019-05-14,7955.5
2019-05-15,7856.85009765625
2019-05-16,7891.89990234375
2019-05-17,8085.75
2019-05-20,8422.099609375
2019-05-21,8209.4501953125
2019-05-22,8246.5498046875
2019-05-23,8216.900390625
2019-05-24,8460.25
2019-05-27,8462.2001953125
2019-05-28,8398.2001953125
2019-05-29,8281.900390625
2019-05-30,8235.7001953125
2019-05-31,8175.5
2019-06-03,8328.2001953125
2019-06-04,8300.2001953125
2019-06-06,8226.4501953125
2019-06-07,8192.0
2019-06-10,8216.650390625
2019-06-11,8240.25
2019-06-12,8146.9501953125
2019-06-13,8116.9501953125
2019-06-14,8031.60009765625
2019-06-17,7896.10009765625
2019-06-18,7859.35009765625
2019-06-19,7772.2001953125
2019-06-20,7965.4501953125
2019-06-21,7868.25
2019-06-24,7832.2998046875
2019-06-25,7878.25
2019-06-26,7883.5498046875
2019-06-27,7971.4501953125
2019-06-28,7928.0498046875
2019-07-01,8029.14990234375
2019-07-02,8045.64990234375
2019-07-03,8039.5
2019-07-04,8077.2001953125
2019-07-05,7849.10009765625
2019-07-08,7593.2998046875
2019-07-09,7593.2998046875
2019-07-10,7511.14990234375
2019-07-11,7650.9501953125
2019-07-12,7653.64990234375
2019-07-15,7674.25
2019-07-16,7727.10009765625
2019-07-17,7648.14990234375
2019-07-18,7438.7001953125
2019-07-19,7192.75
2019-07-22,7220.25
2019-07-23,7176.64990234375
2019-07-24,7036.7001953125
2019-07-25,7010.5498046875
2019-07-26,7161.5
2019-07-29,6905.7001953125
2019-07-30,6763.75
2019-07-31,6851.64990234375
2019-08-01,6856.10009765625
2019-08-02,6933.75
2019-08-05,6844.60009765625
2019-08-06,6942.4501953125
2019-08-07,6792.60009765625
2019-08-08,6998.4501953125
2019-08-09,7137.39990234375
2019-08-13,6855.75
2019-08-14,6919.0498046875
2019-08-16,6998.4501953125
2019-08-19,6959.14990234375
2019-08-20,7040.5
2019-08-21,7001.85009765625
2019-08-22,6882.10009765625
2019-08-23,6988.35009765625
2019-08-26,7022.75
2019-08-27,7152.9501953125
2019-08-28,7018.5498046875
2019-08-29,6970.14990234375
2019-08-30,7009.2998046875
2019-09-03,6897.75
2019-09-04,6782.0498046875
2019-09-05,6921.75
2019-09-06,7102.4501953125
2019-09-09,7165.35009765625
2019-09-11,7423.60009765625
2019-09-12,7284.0
2019-09-13,7360.60009765625
2019-09-16,7300.64990234375
2019-09-17,7020.75
2019-09-18,7012.10009765625
2019-09-19,6920.60009765625
2019-09-20,7605.85009765625
2019-09-23,7802.64990234375
2019-09-24,7773.25
2019-09-25,7470.4501953125
2019-09-26,7659.75
2019-09-27,7554.25
2019-09-30,7493.14990234375
2019-10-01,7464.10009765625
2019-10-03,7493.75
2019-10-04,7404.89990234375
2019-10-07,7355.4501953125
2019-10-09,7460.75
2019-10-10,7359.64990234375
2019-10-11,7397.0498046875
2019-10-14,7520.35009765625
2019-10-15,7688.25
2019-10-16,7673.7998046875
2019-10-17,7914.0
2019-10-18,7964.75
2019-10-22,7936.64990234375
2019-10-23,8036.60009765625
2019-10-24,8012.39990234375
2019-10-25,7986.35009765625
2019-10-29,8449.75
2019-10-30,8428.900390625
2019-10-31,8449.5
2019-11-01,8392.900390625
2019-11-04,8280.349609375
2019-11-05,8256.150390625
2019-11-06,8258.849609375
2019-11-07,8239.900390625
2019-11-08,8169.64990234375
2019-11-11,8159.0
2019-11-13,8150.2001953125
2019-11-14,8190.89990234375
2019-11-15,8153.89990234375
2019-11-18,8119.0
2019-11-19,8063.9501953125
2019-11-20,8083.7998046875
2019-11-21,8004.64990234375
2019-11-22,8034.9501953125
2019-11-25,8174.75
2019-11-26,8099.89990234375
2019-11-27,8202.849609375
2019-11-28,8179.75
2019-11-29,8086.0
2019-12-02,8012.75
2019-12-03,7964.25
2019-12-04,7996.5498046875
2019-12-05,7941.7998046875
2019-12-06,7806.60009765625
2019-12-09,7863.2998046875
2019-12-10,7801.35009765625
2019-12-11,7838.39990234375
2019-12-12,7941.7001953125
2019-12-13,8069.7001953125
2019-12-16,7990.7998046875
2019-12-17,8039.89990234375
2019-12-18,8082.35009765625
2019-12-19,8165.5
2019-12-20,8133.5498046875
2019-12-23,8180.5
2019-12-24,8152.60009765625
2019-12-26,8129.64990234375
2019-12-27,8205.900390625
2019-12-30,8325.400390625
2019-12-31,8248.2998046875
2020-01-01,8210.099609375
2020-01-02,8267.4501953125
2020-01-03,8168.14990234375
2020-01-06,7978.75
2020-01-07,8002.5
2020-01-08,7942.75
2020-01-09,8155.25
2020-01-10,8225.5
2020-01-13,8235.849609375
2020-01-14,8289.2998046875
2020-01-15,8385.349609375
2020-01-16,8395.900390625
2020-01-17,8427.599609375
2020-01-20,8352.7001953125
2020-01-21,8245.900390625
2020-01-22,8169.14990234375
2020-01-23,8241.75
2020-01-24,8274.849609375
2020-01-27,8258.150390625
2020-01-28,8156.0498046875
2020-01-29,8220.400390625
2020-01-30,8181.4501953125
2020-01-31,8086.5498046875
2020-02-03,7988.35009765625
2020-02-04,8100.7998046875
2020-02-05,8131.7001953125
2020-02-06,8142.14990234375
2020-02-07,8064.60009765625
2020-02-10,7860.5498046875
2020-02-11,7892.39990234375
2020-02-12,7933.7998046875
2020-02-13,7914.89990234375
2020-02-14,7822.2001953125
2020-02-17,7770.5
2020-02-18,7692.2998046875
2020-02-19,7687.35009765625
2020-02-20,7697.89990234375
2020-02-24,7429.10009765625
2020-02-25,7366.0
2020-02-26,7207.9501953125
2020-02-27,7178.85009765625
2020-02-28,6903.9501953125
2020-03-02,6856.89990234375
2020-03-03,6986.64990234375
2020-03-04,6938.85009765625
2020-03-05,6953.75
2020-03-06,6895.0
2020-03-09,6632.14990234375
2020-03-11,6568.4501953125
2020-03-12,6033.39990234375
2020-03-13,6182.0
2020-03-16,5843.7001953125
2020-03-17,5803.85009765625
2020-03-18,5516.5
2020-03-19,5180.5
2020-03-20,5370.14990234375
2020-03-23,4626.5
2020-03-24,4693.35009765625
2020-03-25,4936.14990234375
2020-03-26,5061.2998046875
2020-03-27,4938.7001953125
2020-03-30,4669.14990234375
2020-03-31,4731.2998046875
2020-04-01,4657.5498046875
2020-04-03,4517.75
2020-04-07,4951.5498046875
2020-04-08,5043.60009765625
2020-04-09,5568.4501953125
2020-04-13,5432.10009765625
2020-04-15,5333.0
2020-04-16,5394.14990234375
2020-04-17,5668.89990234375
2020-04-20,5591.0
2020-04-21,5294.0498046875
2020-04-22,5426.85009765625
2020-04-23,5464.75
2020-04-24,5377.25
2020-04-27,5433.2001953125
2020-04-28,5447.10009765625
2020-04-29,5543.75
2020-04-30,5901.39990234375
2020-05-04,5476.2001953125
2020-05-05,5451.89990234375
2020-05-06,5552.39990234375
2020-05-07,5519.0
2020-05-08,5447.75
2020-05-11,5679.7001953125
2020-05-12,5708.9501953125
2020-05-13,5844.60009765625
2020-05-14,5804.0498046875
2020-05-15,5745.7001953125
2020-05-18,5430.0498046875
2020-05-19,5486.14990234375
2020-05-20,5603.7998046875
2020-05-21,5749.89990234375
2020-05-22,5767.0
2020-05-26,5854.2998046875
2020-05-27,5896.9501953125
2020-05-28,6112.2998046875
2020-05-29,6218.7998046875
2020-06-01,6419.5
2020-06-02,6471.2998046875
2020-06-03,6498.64990234375
2020-06-04,6511.35009765625
2020-06-05,6628.75
2020-06-08,6610.5498046875
2020-06-09,6577.7001953125
2020-06-10,6502.64990234375
2020-06-11,6373.60009765625
2020-06-12,6559.39990234375
2020-06-15,6443.0
2020-06-16,6451.0498046875
2020-06-17,6503.5
2020-06-18,6535.89990234375
2020-06-19,6634.5
2020-06-22,6729.10009765625
2020-06-23,6789.2001953125
2020-06-24,6742.7998046875
2020-06-25,6737.85009765625
2020-06-26,6731.4501953125
2020-06-29,6645.85009765625
2020-06-30,6719.14990234375
2020-07-01,6718.60009765625
2020-07-02,6907.10009765625
2020-07-03,6971.0498046875
2020-07-06,7171.75
2020-07-07,7199.5498046875
2020-07-08,7059.35009765625
2020-07-09,7085.60009765625
2020-07-10,7041.10009765625
2020-07-13,7084.4501953125
2020-07-14,6916.0
2020-07-15,6931.0498046875
2020-07-16,7015.89990234375
2020-07-17,7137.2998046875
2020-07-20,7175.85009765625
2020-07-21,7295.75
2020-07-22,7203.9501953125
2020-07-23,7301.0498046875
2020-07-24,7218.64990234375
2020-07-27,7186.4501953125
2020-07-28,7416.89990234375
2020-07-29,7330.25
2020-07-30,7287.85009765625
2020-07-31,7279.75
2020-08-03,7240.25
2020-08-04,7353.9501953125
2020-08-05,7489.10009765625
2020-08-06,7498.25
2020-08-07,7554.4501953125
2020-08-10,7621.2998046875
2020-08-11,7630.35009765625
2020-08-12,7785.0498046875
2020-08-13,7879.75
2020-08-14,7677.64990234375
2020-08-17,7865.5498046875
2020-08-18,7941.85009765625
2020-08-19,7941.35009765625
2020-08-20,7911.60009765625
2020-08-21,7934.7001953125
2020-08-24,7948.39990234375
2020-08-25,7983.60009765625
2020-08-26,8100.5
2020-08-27,8183.0
2020-08-28,8111.85009765625
2020-08-31,7840.35009765625
2020-09-01,7885.9501953125
2020-09-02,7976.9501953125
2020-09-03,8049.5498046875
2020-09-04,7996.5498046875
2020-09-07,7957.85009765625
2020-09-08,7888.0
2020-09-09,7903.10009765625
2020-09-10,7945.0
2020-09-11,7956.7998046875
2020-09-14,8035.35009765625
2020-09-15,8033.5
2020-09-16,8156.2001953125
2020-09-17,8128.64990234375
2020-09-18,8161.7001953125
2020-09-21,7832.2001953125
2020-09-22,7695.25
2020-09-23,7690.89990234375
2020-09-24,7418.85009765625
2020-09-25,7669.5
2020-09-28,7902.5498046875
2020-09-29,7925.2001953125
2020-09-30,7908.10009765625
2020-10-01,7966.10009765625
2020-10-05,7957.9501953125
2020-10-06,8058.10009765625
2020-10-07,8170.0498046875
2020-10-08,8183.7001953125
2020-10-09,8163.5
2020-10-12,8102.5
2020-10-13,8052.85009765625
2020-10-14,8031.0498046875
2020-10-15,7935.35009765625
2020-10-16,7959.4501953125
2020-10-19,7870.35009765625
2020-10-20,7896.7001953125
2020-10-21,7878.0498046875
2020-10-22,7864.14990234375
2020-10-23,8094.60009765625
2020-10-26,7833.64990234375
2020-10-27,7930.64990234375
2020-10-28,7922.75
2020-10-29,7846.75
2020-10-30,7758.39990234375
2020-11-02,7732.25
2020-11-03,7848.85009765625
2020-11-04,7901.75
2020-11-05,7995.5
2020-11-06,8006.10009765625
2020-11-09,8067.64990234375
2020-11-10,8127.25
2020-11-11,8255.2001953125
2020-11-12,8284.0498046875
2020-11-13,8308.900390625
2020-11-17,8425.5498046875
2020-11-18,8686.599609375
2020-11-19,8628.2998046875
2020-11-20,8684.75
2020-11-23,8738.599609375
2020-11-24,8887.9501953125
2020-11-25,8738.4501953125
2020-11-26,8767.75
2020-11-27,8891.599609375
2020-12-01,8987.150390625
2020-12-02,9093.7001953125
2020-12-03,9245.2998046875
2020-12-04,9302.2001953125
2020-12-07,9311.099609375
2020-12-08,9297.849609375
2020-12-09,9293.2998046875
2020-12-10,9200.849609375
2020-12-11,9188.9501953125
2020-12-14,9093.099609375
2020-12-15,9149.75
2020-12-16,9239.099609375
2020-12-17,9185.2001953125
2020-12-18,9168.650390625
2020-12-21,8745.0
2020-12-22,8818.599609375
2020-12-23,8935.9501953125
2020-12-24,8978.0498046875
2020-12-28,9066.849609375
2020-12-29,9043.900390625
2020-12-30,9164.7998046875
2020-12-31,9193.5
2021-01-04,9417.9501953125
2021-01-05,9416.0498046875
2021-01-06,9379.5498046875
2021-01-07,9429.650390625
2021-01-08,9741.25
2021-01-11,9995.599609375
2021-01-12,10119.849609375
2021-01-13,10208.5498046875
2021-01-14,10238.2998046875
2021-01-15,10178.2998046875
2021-01-18,9961.099609375
2021-01-19,10136.7998046875
2021-01-20,10369.25
2021-01-21,10367.75
2021-01-25,10433.5
2021-01-27,10210.25
2021-01-28,10105.599609375
2021-01-29,9813.150390625
2021-02-01,10227.9501953125
2021-02-02,10638.599609375
2021-02-03,10749.150390625
2021-02-04,10867.099609375
2021-02-05,10723.9501953125
2021-02-08,11061.150390625
2021-02-09,10907.599609375
2021-02-10,11010.849609375
2021-02-11,10965.25
2021-02-12,10912.25
2021-02-16,10944.900390625
2021-02-18,10827.0
2021-02-19,10540.349609375
2021-02-22,10300.0
2021-02-23,10379.5498046875
2021-02-24,10405.5
2021-02-25,10497.9501953125
2021-02-26,10169.900390625
2021-03-01,10411.7998046875
2021-03-02,10744.0498046875
2021-03-03,10673.099609375
2021-03-04,10625.75
2021-03-05,10524.400390625
2021-03-08,10507.349609375
2021-03-09,10464.25
2021-03-10,10559.2998046875
2021-03-12,10383.900390625
2021-03-15,10335.099609375
2021-03-16,10350.7998046875
2021-03-17,10159.099609375
2021-03-18,10143.9501953125
2021-03-19,10186.5
2021-03-22,10140.4501953125
2021-03-23,10187.650390625
2021-03-24,9925.25
2021-03-25,9651.349609375
2021-03-26,9771.5
2021-03-30,9865.0
2021-03-31,9862.4501953125
2021-04-01,10022.599609375
2021-04-05,9768.0498046875
2021-04-06,9781.349609375
2021-04-07,9937.0
2021-04-08,9959.349609375
2021-04-09,9922.9501953125
2021-04-12,9415.650390625
2021-04-13,9818.2998046875
2021-04-15,9691.4501953125
2021-04-16,9808.9501953125
2021-04-19,9532.150390625
2021-04-20,9630.7001953125
2021-04-22,9644.5498046875
2021-04-23,9596.9501953125
2021-04-26,9641.4501953125
2021-04-27,9708.2001953125
2021-04-28,9871.5
2021-04-29,9773.7001953125
2021-04-30,9640.849609375
2021-05-03,9662.9501953125
2021-05-04,9577.7001953125
2021-05-06,9815.099609375
2021-05-07,9819.4501953125
2021-05-10,9973.0498046875
2021-05-12,10013.650390625
2021-05-14,9810.4501953125
2021-05-17,10001.7001953125
2021-05-18,10324.0
2021-05-19,10249.099609375
2021-05-21,10312.400390625
2021-05-24,10315.75
2021-05-26,10437.7998046875
2021-05-27,10486.0
2021-05-28,10510.25
2021-06-01,10457.849609375
2021-06-02,10647.75
2021-06-03,10647.650390625
2021-06-04,10735.75
2021-06-07,10806.5498046875
2021-06-08,10873.900390625
2021-06-09,10734.400390625
2021-06-10,10722.7001953125
2021-06-11,10765.5
2021-06-14,10753.099609375
2021-06-15,10754.400390625
2021-06-16,10669.4501953125
2021-06-17,10523.0
2021-06-18,10443.75
2021-06-21,10401.150390625
2021-06-22,10540.4501953125
2021-06-23,10588.5
2021-06-24,10618.4501953125
2021-06-25,10706.7998046875
2021-06-28,10709.900390625
2021-06-29,10612.25
2021-06-30,10600.349609375
2021-07-01,10687.7001953125
2021-07-02,10685.5
2021-07-06,10559.7001953125
2021-07-07,10552.5
2021-07-08,10456.0
2021-07-09,10420.2998046875
2021-07-12,10438.2001953125
2021-07-13,10497.7998046875
2021-07-14,10467.900390625
2021-07-15,10426.0
2021-07-16,10428.4501953125
2021-07-19,10310.900390625
2021-07-20,10222.2001953125
2021-07-22,10235.7998046875
2021-07-23,10201.349609375
2021-07-26,10137.9501953125
2021-07-27,10094.349609375
2021-07-28,10000.400390625
2021-07-29,9956.650390625
2021-07-30,10048.5
2021-08-02,10183.4501953125
2021-08-03,10342.599609375
2021-08-04,10246.7998046875
2021-08-05,10224.900390625
2021-08-06,10249.5
2021-08-09,10239.0
2021-08-10,10158.75
2021-08-11,10140.400390625
2021-08-12,10180.5498046875
2021-08-13,10178.2998046875
2021-08-16,10088.7998046875
2021-08-17,10088.2998046875
2021-08-18,10067.9501953125
2021-08-20,9904.7001953125
2021-08-23,9759.150390625
2021-08-24,9832.7998046875
2021-08-25,9808.650390625
2021-08-26,9763.099609375
2021-08-27,9793.849609375
2021-08-30,9957.900390625
2021-08-31,10034.4501953125
2021-09-01,10043.900390625
2021-09-02,10022.4501953125
2021-09-03,10124.75
2021-09-06,10167.25
2021-09-07,10152.7001953125
2021-09-08,10100.400390625
2021-09-09,10112.599609375
2021-09-13,10120.150390625
2021-09-14,10209.599609375
2021-09-15,10297.0
2021-09-16,10351.4501953125
2021-09-17,10351.4501953125
2021-09-20,10202.650390625
2021-09-21,10155.9501953125
2021-09-22,10284.599609375
2021-09-23,10372.9501953125
2021-09-24,10429.0498046875
2021-09-27,10765.150390625
2021-09-28,10695.9501953125
2021-09-29,10655.5
2021-09-30,10598.4501953125
2021-10-01,10596.9501953125
2021-10-04,10641.150390625
2021-10-05,10692.0
2021-10-06,10567.5498046875
2021-10-07,11031.7998046875
2021-10-08,11079.349609375
2021-10-11,11375.5498046875
2021-10-12,11476.099609375
2021-10-13,11870.0
2021-10-14,11800.2998046875
2021-10-18,11814.7998046875
2021-10-19,11626.849609375
2021-10-20,11493.2998046875
2021-10-21,11557.400390625
2021-10-22,11433.9501953125
2021-10-25,11228.2001953125
2021-10-26,11452.25
2021-10-27,11395.150390625
2021-10-28,11260.900390625
2021-10-29,11297.4501953125
2021-11-01,11421.0
2021-11-02,11521.25
2021-11-03,11401.2001953125
2021-11-04,11569.7998046875
2021-11-08,11645.75
2021-11-09,11766.25
2021-11-10,11829.150390625
2021-11-11,11690.150390625
2021-11-12,11706.5
2021-11-15,11687.650390625
2021-11-16,11977.2998046875
2021-11-17,12061.7998046875
2021-11-18,11747.4501953125
2021-11-22,11379.75
2021-11-23,11455.7001953125
2021-11-24,11308.849609375
2021-11-25,11247.75
2021-11-26,10759.599609375
2021-11-29,10704.150390625
2021-11-30,10603.5498046875
2021-12-01,10758.150390625
2021-12-02,10873.150390625
2021-12-03,10788.75
2021-12-06,10589.7998046875
2021-12-07,10759.0
2021-12-08,11007.7001953125
2021-12-09,11058.75
2021-12-10,11080.0498046875
2021-12-13,11047.150390625
2021-12-14,10972.150390625
2021-12-15,11026.0
2021-12-16,10945.75
2021-12-17,10678.650390625
2021-12-20,10405.2998046875
2021-12-21,10483.900390625
2021-12-22,10652.5498046875
2021-12-23,10731.0498046875
2021-12-24,10620.75
2021-12-27,10641.650390625
2021-12-28,10783.849609375
2021-12-29,10829.5498046875
2021-12-30,10755.650390625
2021-12-31,10936.900390625
2022-01-03,11114.5498046875
2022-01-04,11139.400390625
2022-01-05,11256.849609375
2022-01-06,11316.599609375
2022-01-07,11290.900390625
2022-01-10,11501.7001953125
2022-01-11,11479.7001953125
2022-01-12,11645.900390625
2022-01-13,11686.150390625
2022-01-14,11643.0498046875
2022-01-17,11881.25
2022-01-18,11598.75
2022-01-19,11681.400390625
2022-01-20,11583.2001953125
2022-01-21,11561.75
2022-01-24,11261.2001953125
2022-01-25,11522.75
2022-01-27,11561.599609375
2022-01-28,11493.400390625
2022-01-31,11703.5
2022-02-01,11616.099609375
2022-02-02,11632.400390625
2022-02-03,11683.400390625
2022-02-04,11560.599609375
2022-02-07,11407.25
2022-02-08,11429.7998046875
2022-02-09,11680.150390625
2022-02-10,11674.0498046875
2022-02-11,11552.900390625
2022-02-14,11107.150390625
2022-02-15,11552.2998046875
2022-02-16,11509.7001953125
2022-02-17,11492.849609375
2022-02-18,11420.4501953125
2022-02-21,11361.599609375
2022-02-22,11343.0498046875
2022-02-23,11318.7001953125
2022-02-24,10609.7998046875
2022-02-25,10895.2998046875
2022-02-28,10820.5498046875
2022-03-02,10500.4501953125
2022-03-03,10261.099609375
2022-03-04,9896.650390625
2022-03-07,9480.4501953125
2022-03-08,9560.0
2022-03-09,9832.349609375
2022-03-10,10019.349609375
2022-03-11,9979.7001953125
2022-03-14,10074.2998046875
2022-03-15,10131.2998046875
2022-03-16,10350.099609375
2022-03-17,10576.0
2022-03-21,10448.400390625
2022-03-22,10572.900390625
2022-03-23,10463.4501953125
2022-03-24,10412.400390625
2022-03-25,10354.150390625
2022-03-28,10421.599609375
2022-03-29,10416.25
2022-03-30,10542.150390625
2022-03-31,10552.099609375
2022-04-01,10676.849609375
2022-04-04,10803.849609375
2022-04-05,10936.5
2022-04-06,10906.7998046875
2022-04-07,10820.7001953125
2022-04-08,10894.2998046875
2022-04-11,10882.099609375
2022-04-12,10788.7998046875
2022-04-13,10698.2998046875
2022-04-18,10745.75
2022-04-19,10615.150390625
2022-04-20,10848.7001953125
2022-04-21,11090.5498046875
2022-04-22,11028.150390625
2022-04-25,10916.5
2022-04-26,11221.75
2022-04-27,11158.849609375
2022-04-28,11192.0498046875
2022-04-29,11078.099609375
2022-05-02,10938.2998046875
2022-05-04,10661.0
2022-05-05,10705.7001953125
2022-05-06,10518.4501953125
2022-05-09,10483.5
2022-05-10,10472.4501953125
2022-05-11,10377.400390625
2022-05-12,10164.349609375
2022-05-13,10412.349609375
2022-05-16,10649.099609375
2022-05-17,10911.150390625
2022-05-18,10909.4501953125
2022-05-19,10618.0
2022-05-20,10914.599609375
2022-05-23,11115.2001953125
2022-05-24,11116.2998046875
2022-05-25,11011.5
2022-05-26,11097.150390625
2022-05-27,11270.25
2022-05-30,11491.400390625
2022-05-31,11586.599609375
2022-06-01,11563.0
2022-06-02,11491.400390625
2022-06-03,11282.150390625
2022-06-06,11303.150390625
2022-06-07,11362.2001953125
2022-06-08,11382.349609375
2022-06-09,11419.25
2022-06-10,11394.0
2022-06-13,11165.650390625
2022-06-14,11104.150390625
2022-06-15,11206.75
2022-06-16,10956.599609375
2022-06-17,10830.900390625
2022-06-20,10754.7001953125
2022-06-21,10974.2001953125
2022-06-22,10881.400390625
2022-06-23,11359.5
2022-06-24,11583.25
2022-06-27,11686.0498046875
2022-06-28,11832.5498046875
2022-06-29,11850.5
2022-06-30,11701.150390625
2022-07-01,11711.9501953125
2022-07-04,11692.099609375
2022-07-05,11649.7998046875
2022-07-06,11952.2001953125
2022-07-07,12114.099609375
2022-07-08,12124.599609375
2022-07-11,12252.5
2022-07-12,12107.349609375
2022-07-13,12099.349609375
2022-07-14,12115.2998046875
2022-07-15,12361.650390625
2022-07-18,12408.7001953125
2022-07-19,12538.900390625
2022-07-20,12511.2998046875
2022-07-21,12581.349609375
2022-07-22,12634.2001953125
2022-07-25,12423.7001953125
2022-07-26,12276.5
2022-07-27,12326.349609375
2022-07-28,12383.7001953125
2022-07-29,12543.2001953125
2022-08-01,12953.650390625
2022-08-02,13023.650390625
2022-08-03,12919.400390625
2022-08-04,12945.7001953125
2022-08-05,12804.349609375
2022-08-08,12927.9501953125
2022-08-10,12951.650390625
2022-08-11,12923.5498046875
2022-08-12,12923.75
2022-08-16,13250.0
2022-08-17,13194.25
2022-08-18,13131.900390625
2022-08-19,12946.4501953125
2022-08-22,12695.75
2022-08-23,12925.75
2022-08-24,12913.349609375
2022-08-25,12877.900390625
2022-08-26,12929.150390625
2022-08-29,12886.400390625
2022-08-30,13217.349609375
2022-09-01,13266.150390625
2022-09-02,13220.650390625
2022-09-05,13246.099609375
2022-09-06,13225.2998046875
2022-09-07,13072.650390625
2022-09-08,13151.400390625
2022-09-09,13219.599609375
2022-09-12,13256.099609375
2022-09-13,13264.150390625
2022-09-14,13222.25
2022-09-15,13315.5
2022-09-16,12954.4501953125
2022-09-19,13074.0
2022-09-20,13291.349609375
2022-09-21,13223.4501953125
2022-09-22,13320.75
2022-09-23,13093.5
2022-09-26,12594.349609375
2022-09-27,12529.7998046875
2022-09-28,12537.349609375
2022-09-29,12497.349609375
2022-09-30,12699.2998046875
2022-10-03,12441.0498046875
2022-10-04,12690.5498046875
2022-10-06,12784.5498046875
2022-10-07,12761.9501953125
2022-10-10,12693.599609375
2022-10-11,12488.349609375
2022-10-12,12598.2998046875
2022-10-13,12562.75
2022-10-14,12478.25
2022-10-17,12562.5498046875
2022-10-18,12732.650390625
2022-10-19,12721.0498046875
2022-10-20,12729.599609375
2022-10-21,12695.650390625
2022-10-24,12794.650390625
2022-10-25,12952.7998046875
2022-10-27,12979.400390625
2022-10-28,13190.900390625
2022-10-31,13381.650390625
2022-11-01,13416.900390625
2022-11-02,13318.25
2022-11-03,13262.650390625
2022-11-04,13271.7001953125
2022-11-07,13443.900390625
2022-11-09,13341.400390625
2022-11-10,13080.75
2022-11-11,13040.900390625
2022-11-14,13071.400390625
2022-11-15,13155.5498046875
2022-11-16,13105.9501953125
2022-11-17,12927.400390625
2022-11-18,12774.900390625
2022-11-21,12696.099609375
2022-11-22,12745.5
2022-11-23,12774.75
2022-11-24,12845.599609375
2022-11-25,12958.0
2022-11-28,13036.400390625
2022-11-29,13007.650390625
2022-11-30,13231.849609375
2022-12-01,13191.75
2022-12-02,13046.349609375
2022-12-05,13007.5498046875
2022-12-06,12973.7998046875
2022-12-07,12870.650390625
2022-12-08,12908.150390625
2022-12-09,12869.400390625
2022-12-12,12874.349609375
2022-12-13,12931.0
2022-12-14,13004.099609375
2022-12-15,12912.900390625
2022-12-16,12775.25
2022-12-19,12978.7998046875
2022-12-20,12879.400390625
2022-12-21,12695.4501953125
2022-12-22,12554.7001953125
2022-12-23,12236.0
2022-12-27,12522.75
2022-12-28,12605.4501953125
2022-12-29,12634.599609375
2022-12-30,12611.7001953125
2023-01-02,12667.75
2023-01-03,12614.75
2023-01-04,12512.0498046875
2023-01-05,12656.650390625
2023-01-06,12627.7998046875
2023-01-09,12783.0
2023-01-10,12819.099609375
2023-01-11,12753.0498046875
2023-01-12,12769.400390625
2023-01-13,12832.400390625
2023-01-16,12748.7998046875
2023-01-17,12821.849609375
2023-01-18,12817.599609375
2023-01-19,12763.0
2023-01-20,12691.7001953125
2023-01-23,12797.0498046875
2023-01-24,12960.849609375
2023-01-25,12957.150390625
2023-01-27,13089.7001953125
2023-01-30,13076.849609375
2023-01-31,13323.900390625
2023-02-01,13206.849609375
2023-02-02,13213.25
2023-02-03,13377.9501953125
2023-02-06,13360.150390625
2023-02-07,13226.0498046875
2023-02-08,13257.349609375
2023-02-09,13187.849609375
2023-02-10,13235.0498046875
2023-02-13,13154.349609375
2023-02-14,13106.5498046875
2023-02-15,13235.2001953125
2023-02-16,13206.0498046875
2023-02-17,13140.0
2023-02-20,13177.400390625
2023-02-21,13148.75
2023-02-22,12989.9501953125
2023-02-23,12982.25
2023-02-24,12869.099609375
2023-02-27,12675.2998046875
2023-02-28,12731.7998046875
2023-03-01,12849.2998046875
2023-03-02,12738.7998046875
2023-03-03,12787.0498046875
2023-03-06,12909.5
2023-03-08,13019.5
2023-03-09,12781.2001953125
2023-03-10,12741.599609375
2023-03-13,12456.0
2023-03-14,12345.5498046875
2023-03-15,12282.0
2023-03-16,12304.900390625
2023-03-17,12245.9501953125
2023-03-20,12131.7001953125
2023-03-21,12141.9501953125
2023-03-22,12201.349609375
2023-03-23,12205.7001953125
2023-03-24,12113.400390625
2023-03-27,12035.099609375
2023-03-28,11917.9501953125
2023-03-29,12121.2998046875
2023-03-31,12243.7998046875
2023-04-03,12425.849609375
2023-04-05,12357.650390625
2023-04-06,12469.349609375
2023-04-10,12616.75
2023-04-11,12742.0498046875
2023-04-12,12862.2001953125
2023-04-13,12918.650390625
2023-04-17,12996.150390625
2023-04-18,13005.099609375
2023-04-19,13002.5498046875
2023-04-20,13032.349609375
2023-04-21,12898.75
2023-04-24,12893.349609375
2023-04-25,12904.5498046875
2023-04-26,12972.75
2023-04-27,13071.7998046875
2023-04-28,13189.25
2023-05-02,13283.150390625
2023-05-03,13278.599609375
2023-05-04,13292.5498046875
2023-05-05,13345.7998046875
2023-05-08,13584.25
2023-05-09,13648.5
2023-05-10,13750.849609375
2023-05-11,13803.75
2023-05-12,13910.5
2023-05-15,14007.849609375
2023-05-16,13877.7001953125
2023-05-17,13889.900390625
2023-05-18,13767.7001953125
2023-05-19,13863.5498046875
2023-05-22,13890.5
2023-05-23,13982.599609375
2023-05-24,13989.599609375
2023-05-25,14029.5
2023-05-26,14130.4501953125
2023-05-29,14219.599609375
2023-05-30,14177.849609375
2023-05-31,14199.0
2023-06-01,14257.0
2023-06-02,14388.599609375
2023-06-05,14570.25
2023-06-06,14729.5
2023-06-07,14819.4501953125
2023-06-08,14692.0
2023-06-09,14626.0
2023-06-12,14673.849609375
2023-06-13,14658.2998046875
2023-06-14,14682.7001953125
2023-06-15,14707.849609375
2023-06-16,14768.4501953125
2023-06-19,14676.7001953125
2023-06-20,14785.650390625
2023-06-21,14777.7001953125
2023-06-22,14702.099609375
2023-06-23,14550.2001953125
2023-06-26,14717.849609375
2023-06-27,14729.900390625
2023-06-28,14840.5498046875
2023-06-30,15147.650390625
2023-07-03,15106.849609375
2023-07-04,15035.0498046875
2023-07-05,15281.900390625
2023-07-06,15453.7001953125
2023-07-07,15498.849609375
2023-07-10,15403.2001953125
2023-07-11,15617.4501953125
2023-07-12,15614.900390625
2023-07-13,15519.7001953125
2023-07-14,15576.099609375
2023-07-17,15526.7998046875
2023-07-18,15513.7998046875
2023-07-19,15513.150390625
2023-07-20,15577.0
2023-07-21,15590.349609375
2023-07-24,15617.5498046875
2023-07-25,15765.599609375
2023-07-26,15763.25
2023-07-27,15572.0
2023-07-28,15537.900390625
2023-07-31,15708.0498046875
2023-08-01,15688.7001953125
2023-08-02,15428.900390625
2023-08-03,15379.7998046875
2023-08-04,15328.400390625
2023-08-07,15390.900390625
2023-08-08,15343.650390625
2023-08-09,15486.2001953125
2023-08-10,15444.7998046875
2023-08-11,15378.099609375
2023-08-14,15327.4501953125
2023-08-16,15425.0
2023-08-17,15399.25
2023-08-18,15391.75
2023-08-21,15427.599609375
2023-08-22,15507.900390625
2023-08-23,15498.099609375
2023-08-24,15459.2998046875
2023-08-25,15363.599609375
2023-08-28,15475.25
2023-08-29,15578.900390625
2023-08-30,15678.099609375
2023-08-31,15670.25
2023-09-01,15928.2998046875
2023-09-04,15943.599609375
2023-09-05,15942.75
2023-09-06,15921.25
2023-09-07,15995.849609375
2023-09-08,16102.900390625
2023-09-11,16374.9501953125
2023-09-12,16070.0498046875
2023-09-13,15995.9501953125
2023-09-14,16169.650390625
2023-09-15,16425.80078125
2023-09-18,16563.900390625
2023-09-20,16479.69921875
2023-09-21,16200.400390625
2023-09-22,16234.349609375
2023-09-25,16221.5498046875
2023-09-26,16278.25
2023-09-27,16283.400390625
2023-09-28,16092.2001953125
2023-09-29,16184.400390625
2023-10-03,15990.599609375
2023-10-04,15782.599609375
2023-10-05,15916.099609375
2023-10-06,15990.650390625
2023-10-09,15832.849609375
2023-10-10,16028.7001953125
2023-10-11,16175.7998046875
2023-10-12,16301.7001953125
2023-10-13,16444.94921875
2023-10-16,16519.349609375
2023-10-17,16522.75
2023-10-18,16535.400390625
2023-10-19,16618.0
2023-10-20,16497.849609375
2023-10-23,16277.849609375
2023-10-25,16210.4501953125
2023-10-26,15953.0498046875
2023-10-27,16169.150390625
2023-10-30,16023.4501953125
2023-10-31,15916.2001953125
2023-11-01,15835.650390625
2023-11-02,15948.650390625
2023-11-03,16045.400390625
2023-11-06,16172.75
2023-11-07,16143.75
2023-11-08,16220.7998046875
2023-11-09,16355.2998046875
2023-11-10,16286.7001953125
2023-11-13,16365.2998046875
2023-11-15,16648.5
2023-11-16,16788.900390625
2023-11-17,16905.5
2023-11-20,16777.30078125
2023-11-21,16860.099609375
2023-11-22,16972.19921875
2023-11-23,17033.55078125
2023-11-24,17040.349609375
2023-11-28,17202.75
2023-11-29,17482.44921875
2023-11-30,17551.849609375
2023-12-01,17489.05078125
2023-12-04,17687.25
2023-12-05,17792.099609375
2023-12-06,17788.400390625
2023-12-07,17867.349609375
2023-12-08,17769.099609375
2023-12-11,17852.30078125
2023-12-12,17726.5
2023-12-13,17917.900390625
2023-12-14,18045.05078125
2023-12-15,18038.25
2023-12-18,18068.25
2023-12-19,17932.69921875
2023-12-20,17523.55078125
2023-12-21,17537.849609375
2023-12-22,17778.900390625
2023-12-26,17953.55078125
2023-12-27,18224.849609375
2023-12-28,18408.599609375
2023-12-29,18618.19921875
2024-01-02,18339.349609375
2024-01-03,18317.5
2024-01-04,18326.75
2024-01-05,18406.94921875
2024-01-08,18350.19921875
2024-01-09,18519.80078125
2024-01-10,18559.099609375
2024-01-11,18755.099609375
2024-01-12,18715.19921875
2024-01-15,18765.25
2024-01-16,18712.69921875
2024-01-17,18447.25
2024-01-18,18496.25
2024-01-19,18694.599609375
2024-01-23,18361.0
2024-01-24,18593.69921875
2024-01-25,18614.900390625
2024-01-29,18927.25
2024-01-30,18878.349609375
2024-01-31,19227.150390625
2024-02-01,19328.69921875
2024-02-02,19380.5
2024-02-05,19615.30078125
2024-02-06,19903.849609375
2024-02-07,19903.80078125
2024-02-08,19649.5
2024-02-09,19576.0
2024-02-12,19419.599609375
2024-02-13,19433.05078125
2024-02-14,19716.0
2024-02-15,19981.69921875
2024-02-16,20423.44921875
2024-02-20,20354.25
2024-02-21,20252.55078125
2024-02-22,20584.849609375
2024-02-23,20621.349609375
2024-02-26,20642.400390625
2024-02-27,20788.55078125
2024-02-28,20372.349609375
2024-02-29,20412.400390625
2024-03-01,20871.94921875
2024-03-04,20840.19921875
2024-03-05,21121.19921875
2024-03-06,21181.30078125
2024-03-07,21126.80078125
2024-03-11,21001.150390625
2024-03-12,20931.849609375
2024-03-13,20338.25
2024-03-14,20514.25
2024-03-15,20192.30078125
2024-03-18,20446.599609375
2024-03-19,20354.099609375
2024-03-20,20406.44921875
2024-03-21,20700.25
2024-03-22,21046.400390625
2024-03-26,21038.30078125
2024-03-27,21146.19921875
2024-03-28,21419.099609375
2024-04-01,21385.25
2024-04-02,21614.25
2024-04-03,21555.349609375
2024-04-04,21651.849609375
2024-04-05,21600.900390625
2024-04-08,22067.94921875
2024-04-09,21999.349609375
2024-04-10,21985.150390625
2024-04-12,21851.30078125
2024-04-15,21680.30078125
2024-04-16,21703.05078125
2024-04-18,21520.75
2024-04-19,21609.69921875
2024-04-22,21812.69921875
2024-04-23,21914.30078125
2024-04-24,21896.900390625
2024-04-25,22174.05078125
2024-04-26,22111.55078125
2024-04-29,22078.75
2024-04-30,22479.900390625
2024-05-02,22733.5
2024-05-03,22541.349609375
2024-05-06,22526.599609375
2024-05-07,22114.0
2024-05-08,22458.650390625
2024-05-09,22633.30078125
2024-05-10,22846.900390625
2024-05-13,22462.650390625
2024-05-14,22874.80078125
2024-05-15,22759.849609375
2024-05-16,22886.849609375
2024-05-17,23285.650390625
2024-05-21,23353.75
2024-05-22,23324.099609375
2024-05-23,23849.25
2024-05-24,23891.44921875
2024-05-27,23877.150390625
2024-05-28,23814.25
2024-05-29,23757.94921875
2024-05-30,23471.0
2024-05-31,23419.599609375
2024-06-03,23992.69921875
2024-06-04,23193.30078125
2024-06-05,24283.75
2024-06-06,24396.69921875
2024-06-07,25020.19921875
2024-06-10,25022.650390625
2024-06-11,25230.80078125
2024-06-12,25217.599609375
2024-06-13,25393.19921875
2024-06-14,25722.099609375
2024-06-18,25715.30078125
2024-06-19,25381.69921875
2024-06-20,25267.849609375
2024-06-21,25092.30078125
2024-06-24,25309.80078125
2024-06-25,25250.25
2024-06-26,25018.900390625
2024-06-27,25191.400390625
2024-06-28,25200.599609375
2024-07-01,25323.849609375
2024-07-02,25130.849609375
2024-07-03,25182.80078125
2024-07-04,25366.44921875
2024-07-05,25398.30078125
2024-07-08,25260.5
2024-07-09,25823.55078125
2024-07-10,25302.80078125
2024-07-11,25257.25
2024-07-12,25145.44921875
2024-07-15,25419.80078125
2024-07-16,25482.900390625
2024-07-18,25576.69921875
2024-07-19,24963.349609375
2024-07-22,25250.75
2024-07-23,25321.69921875
2024-07-24,25309.05078125
2024-07-25,25627.349609375
2024-07-26,26250.69921875
2024-07-29,26426.55078125
2024-07-30,26580.94921875
2024-07-31,26685.25
2024-08-01,26487.44921875
2024-08-02,25714.44921875
2024-08-05,24706.5
2024-08-06,24520.05078125
2024-08-07,24937.599609375
2024-08-08,24917.349609375
2024-08-09,25346.650390625
2024-08-12,25278.94921875
2024-08-13,25081.849609375
2024-08-14,25093.5
2024-08-16,25597.349609375
2024-08-19,25368.75
2024-08-20,25500.0
2024-08-21,25586.75
2024-08-22,25563.650390625
2024-08-23,25850.69921875
2024-08-26,25941.44921875
2024-08-27,25911.900390625
2024-08-28,25879.400390625
2024-08-29,26020.400390625
2024-08-30,26172.80078125
2024-09-02,26071.400390625
2024-09-03,26034.650390625
2024-09-04,25934.25
2024-09-05,25835.30078125
2024-09-06,25527.150390625
2024-09-09,25495.25
2024-09-10,25556.44921875
2024-09-11,25240.599609375
2024-09-12,25779.80078125
2024-09-13,25820.849609375
2024-09-16,25829.650390625
2024-09-17,25896.400390625
2024-09-18,25804.44921875
2024-09-19,25907.650390625
2024-09-20,26394.55078125
2024-09-23,26805.400390625
2024-09-24,26920.44921875
2024-09-25,26888.349609375
2024-09-26,27496.25
2024-09-27,27610.75
2024-09-30,27027.19921875
2024-10-01,27083.44921875
2024-10-03,26302.099609375
2024-10-04,25926.30078125
2024-10-07,25807.150390625
2024-10-08,26236.099609375
2024-10-09,26450.25
2024-10-10,26528.5
2024-10-11,26436.599609375
2024-10-14,26463.55078125
2024-10-15,26242.599609375
2024-10-16,25909.0
2024-10-17,24991.19921875
2024-10-18,25146.900390625
2024-10-21,25251.849609375
2024-10-22,24627.25
2024-10-23,24451.30078125
2024-10-24,24324.849609375
2024-10-25,23799.30078125
2024-10-28,23964.44921875
2024-10-29,23588.599609375
2024-10-30,23594.0
2024-10-31,23514.69921875
2024-11-01,23805.599609375
2024-11-04,23573.19921875
2024-11-05,23839.599609375
2024-11-06,24137.900390625
2024-11-07,23812.5
2024-11-08,23805.19921875
2024-11-11,23729.44921875
2024-11-12,23269.099609375
2024-11-13,22765.19921875
2024-11-14,22914.5
2024-11-18,23043.849609375
2024-11-19,23359.5
2024-11-21,23145.900390625
2024-11-22,23554.099609375
2024-11-25,23716.44921875
2024-11-26,23413.0
2024-11-27,23517.349609375
2024-11-28,23134.69921875
2024-11-29,23368.55078125
2024-12-02,23599.599609375
2024-12-03,23752.400390625
2024-12-04,23584.0
2024-12-05,23736.25
2024-12-06,23960.25
2024-12-09,23775.05078125
2024-12-10,23767.05078125
2024-12-11,23851.849609375
2024-12-12,23660.30078125
2024-12-13,23773.099609375
2024-12-16,23790.5
2024-12-17,23417.80078125
2024-12-18,23241.25
2024-12-19,23070.900390625
2024-12-20,22580.0
2024-12-23,22557.75
2024-12-24,22685.55078125
2024-12-26,22876.099609375
2024-12-27,23099.05078125
2024-12-30,22768.25
2024-12-31,22834.0
2025-01-02,24016.19921875
2025-01-03,24005.0
2025-01-06,23482.19921875
2025-01-07,23482.099609375
2025-01-08,23370.150390625
2025-01-09,23305.19921875
2025-01-10,23017.75
2025-01-13,22382.25
2025-01-14,22833.05078125
2025-01-15,22712.75
2025-01-16,22861.25
2025-01-17,22791.099609375
2025-01-20,22671.80078125
2025-01-21,22303.19921875
2025-01-22,22274.349609375
2025-01-23,22518.94921875
2025-01-24,22171.05078125
2025-01-27,21970.44921875
2025-01-28,22264.150390625
2025-01-29,22586.349609375
2025-01-30,22495.69921875
2025-01-31,22867.599609375
2025-02-03,23327.0
2025-02-04,23535.05078125
2025-02-05,23517.099609375
2025-02-06,23298.849609375
2025-02-07,23459.94921875
2025-02-10,23112.650390625
2025-02-11,22573.900390625
2025-02-12,22407.44921875
2025-02-13,22344.30078125
2025-02-14,22069.30078125
2025-02-17,21951.849609375
2025-02-18,21818.900390625
2025-02-19,21809.150390625
2025-02-20,22074.900390625
2025-02-21,21505.900390625
2025-02-24,21552.5
2025-02-25,21662.650390625
2025-02-27,21335.349609375
2025-02-28,20498.599609375
2025-03-03,20538.150390625
2025-03-04,20269.19921875
2025-03-05,20796.75
2025-03-06,20959.69921875
2025-03-07,21009.69921875
2025-03-10,20752.80078125
2025-03-11,20682.650390625
2025-03-12,20783.69921875
2025-03-13,20554.05078125
2025-03-17,20741.150390625
2025-03-18,21234.94921875
2025-03-19,21319.5
2025-03-20,21623.05078125
2025-03-21,21756.0
2025-03-24,21938.69921875
2025-03-25,21737.599609375
2025-03-26,21742.80078125
2025-03-27,21516.75
2025-03-28,21295.5
2025-04-01,21235.25
2025-04-02,21408.849609375
2025-04-03,21164.0
2025-04-04,20593.150390625
2025-04-07,19815.55078125
2025-04-08,20138.150390625
2025-04-09,20140.400390625
2025-04-11,20548.650390625
2025-04-15,21246.19921875
2025-04-16,21155.80078125
2025-04-17,21373.099609375
2025-04-21,21826.0
2025-04-22,21903.69921875
2025-04-23,22424.44921875
2025-04-24,22367.55078125
2025-04-25,21994.5
2025-04-28,22352.94921875
2025-04-29,22299.05078125
2025-04-30,22308.400390625
2025-05-02,22286.5
2025-05-05,22699.19921875
2025-05-06,22737.599609375
2025-05-07,23114.099609375
2025-05-08,22674.150390625
2025-05-09,22627.80078125
2025-05-12,23400.44921875
2025-05-13,23167.25
2025-05-14,23356.849609375
2025-05-15,23804.849609375
2025-05-16,23953.150390625
2025-05-19,24052.599609375
2025-05-20,23531.19921875
2025-05-21,23700.099609375
2025-05-22,23459.900390625
2025-05-23,23515.25
2025-05-26,23763.150390625
2025-05-27,23596.900390625
2025-05-28,23437.05078125
2025-05-29,23555.75
2025-05-30,23325.599609375
2025-06-02,23327.05078125
2025-06-03,23268.69921875
2025-06-04,23332.599609375
2025-06-05,23306.19921875
2025-06-06,23661.30078125
2025-06-09,23777.150390625
2025-06-10,23759.0
2025-06-11,23805.19921875
2025-06-12,23411.80078125
2025-06-13,23327.400390625
2025-06-16,23368.25
2025-06-17,23227.30078125
2025-06-18,23312.349609375
2025-06-19,23434.650390625
2025-06-20,23679.349609375
2025-06-23,23461.150390625
2025-06-24,23598.25
2025-06-25,23827.80078125
2025-06-26,23961.69921875
2025-06-27,24007.94921875
2025-06-30,23872.55078125
2025-07-01,23824.0
2025-07-02,23899.849609375
2025-07-03,24004.94921875
2025-07-04,23980.400390625
2025-07-07,23943.900390625
2025-07-08,23852.900390625
2025-07-09,23944.400390625
2025-07-10,23916.849609375
2025-07-11,23493.80078125
2025-07-14,23552.0
2025-07-15,23905.25
2025-07-16,24011.150390625
2025-07-17,24002.5
2025-07-18,23894.349609375
2025-07-21,24055.0
2025-07-22,23875.849609375
2025-07-23,24079.400390625
2025-07-24,24087.30078125
2025-07-25,23781.55078125
2025-07-28,23693.0
2025-07-29,23888.349609375
2025-07-30,23745.80078125
2025-07-31,23655.849609375
2025-08-01,23410.94921875
2025-08-04,23787.5
2025-08-05,23876.30078125
2025-08-06,23748.849609375
2025-08-07,23808.099609375
2025-08-08,23474.650390625
2025-08-11,23723.75
2025-08-12,23856.599609375
2025-08-13,24122.650390625
2025-08-14,24118.80078125
2025-08-18,25127.19921875
2025-08-19,25456.69921875
2025-08-20,25469.25
2025-08-21,25377.5
2025-08-22,25329.44921875
2025-08-25,25423.400390625
2025-08-26,25320.30078125
2025-08-28,25183.5
2025-08-29,24960.849609375
2025-09-01,25660.0
2025-09-02,25584.94921875
2025-09-03,25775.44921875
2025-09-04,25994.849609375
2025-09-05,26320.599609375
2025-09-08,27189.19921875
2025-09-09,27182.5
2025-09-10,26833.94921875
2025-09-11,26744.44921875
2025-09-12,26866.650390625
2025-09-15,26760.650390625
2025-09-16,27146.400390625
2025-09-17,27294.650390625
2025-09-18,27329.349609375
2025-09-19,27219.55078125
2025-09-22,27154.30078125
2025-09-23,27321.94921875
2025-09-24,27007.599609375
2025-09-25,26758.5
2025-09-26,26484.55078125
2025-09-29,26436.55078125
2025-09-30,26542.349609375
2025-10-01,26768.650390625
2025-10-03,26753.099609375
2025-10-06,26857.19921875
2025-10-07,26933.55078125
2025-10-08,26522.400390625
2025-10-09,26587.0
2025-10-10,26721.19921875
2025-10-13,26698.150390625
2025-10-14,26640.55078125
2025-10-15,26708.650390625
2025-10-16,27048.75
2025-10-17,27228.599609375
2025-10-20,27185.44921875
2025-10-21,27229.849609375
2025-10-23,27218.75
2025-10-24,27108.69921875
2025-10-27,27263.650390625
2025-10-28,27148.349609375
2025-10-29,26948.900390625
2025-10-30,26829.55078125
2025-10-31,26809.849609375
2025-11-03,26841.80078125
2025-11-04,26610.05078125
2025-11-06,26626.5
2025-11-07,26779.55078125
2025-11-10,26859.849609375
2025-11-11,27148.25
2025-11-12,27485.150390625
2025-11-13,27382.80078125
2025-11-14,27239.80078125
2025-11-17,27472.650390625
2025-11-18,27368.25
2025-11-19,27434.44921875
2025-11-20,27554.0
2025-11-21,27537.849609375
2025-11-24,27442.19921875
2025-11-25,27378.69921875
2025-11-26,27696.400390625
2025-11-27,27603.650390625
2025-11-28,27774.599609375
2025-12-01,27993.0
2025-12-02,27979.5
2025-12-03,27643.80078125
2025-12-04,27732.69921875
2025-12-05,27939.099609375
2025-12-08,27596.80078125
2025-12-09,27399.25
2025-12-10,27358.25
2025-12-11,27661.0
2025-12-12,27820.849609375
2025-12-15,27568.099609375
2025-12-16,27542.19921875
2025-12-17,27489.25
2025-12-18,27321.900390625
2025-12-19,27657.25
2025-12-22,27885.30078125
2025-12-23,27892.05078125
2025-12-24,27885.650390625
2025-12-26,27739.849609375
2025-12-29,27592.5
2025-12-30,27889.650390625
2025-12-31,28189.599609375
2026-01-02,28803.650390625
2026-01-05,28894.150390625
2026-01-06,28922.349609375
2026-01-07,28692.400390625
2026-01-08,28414.94921875
2026-01-09,28087.650390625
2026-01-12,28011.75
2026-01-13,27915.099609375
2026-01-14,27721.849609375
2026-01-16,27596.25
2026-01-19,27632.44921875
2026-01-20,26948.099609375
2026-01-21,26871.25
2026-01-22,27110.19921875
2026-01-23,26804.55078125
2026-01-27,26554.0
2026-01-28,26737.599609375
2026-01-29,26555.400390625
2026-01-30,26750.349609375
2026-02-02,26749.150390625
2026-02-03,27500.30078125
2026-02-04,27825.400390625
2026-02-05,27664.5
2026-02-06,27519.55078125
2026-02-09,27791.44921875
2026-02-10,28173.19921875
2026-02-11,28538.69921875
2026-02-12,28504.05078125
2026-02-13,28234.30078125
2026-02-16,28028.19921875
2026-02-17,28174.55078125
2026-02-18,28327.599609375
2026-02-19,27734.0
2026-02-20,27846.80078125
2026-02-23,28077.0
2026-02-24,27950.0
2026-02-25,28466.5
2026-02-26,28693.400390625
2026-02-27,28158.849609375
2026-03-02,27540.099609375
2026-03-04,26867.150390625
2026-03-05,27366.80078125
2026-03-06,27076.400390625
2026-03-09,25965.94921875
2026-03-10,26770.55078125
2026-03-11,25926.0
2026-03-12,25098.0
2026-03-13,24195.099609375
2026-03-16,24599.099609375
2026-03-17,25117.099609375
2026-03-18,25598.849609375
2026-03-19,24509.900390625
2026-03-20,24715.900390625
2026-03-23,23934.75
2026-03-24,24515.25
2026-03-25,25058.599609375
2026-03-27,24351.94921875
2026-03-30,23769.599609375
2026-04-01,24238.849609375
2026-04-02,24089.650390625
2026-04-06,24350.400390625
2026-04-07,24373.30078125
2026-04-08,26002.94921875
2026-04-09,25901.900390625
2026-04-10,26640.900390625
2026-04-13,26084.55078125
2026-04-15,26483.099609375
2026-04-16,26382.75
2026-04-17,26435.0
2026-04-20,26522.30078125
2026-04-21,26625.19921875
2026-04-22,26450.25
2026-04-23,25828.099609375
2026-04-24,25652.849609375
2026-04-27,26053.150390625
2026-04-28,25790.349609375
2026-04-29,26085.75
2026-04-30,25917.599609375
2026-05-04,26027.69921875
2026-05-05,26192.099609375
2026-05-06,26823.0
2026-05-07,27339.94921875
2026-05-08,27259.849609375
2026-05-11,26753.400390625
2026-05-12,26142.599609375
2026-05-13,25888.94921875
2026-05-14,26049.7
2026-05-15,26070.7
2026-05-18,25624.3
2026-05-19,25698.8
2026-05-20,25914.35
2026-05-21,25986.25
2026-05-22,26017.1
2026-05-25,26463.05
2026-05-26,26480.5
2026-05-27,26864.19921875
2026-05-29,26338.45
2026-06-01,25891.9
2026-06-02,26079.45
2026-06-03,26092.8
2026-06-04,26144.35
2026-06-05,26165.95
2026-06-08,25681.8
2026-06-09,26025.65
2026-06-10,25833.55
2026-06-11,25790.35
2026-06-12,26293.85
2026-06-15,26977.5
2026-06-16,26891.55
2026-06-17,26724.4
2026-06-18,26746.4
2026-06-19,26583.35
2026-06-22,26703.45
2026-06-23,26496.5
2026-06-24,26384.349609375
2026-06-25,26977.75
2026-06-29,26417.6
2026-06-30,26479.8
2026-07-01,26783.2
2026-07-02,27108.19921875
2026-07-03,26988.1
2026-07-06,27353.95
